"","log2FoldChange","padj","Factor"
"KXJ04216.1",-2.13374937269767,3.39471630416233e-05,"Menthol_Menthol_vs_NoMenthol"
"KXJ04217.1",-1.96799144536526,0.00204200550890039,"Menthol_Menthol_vs_NoMenthol"
"KXJ04292.1",1.27451924816341,0.0490707217322278,"Menthol_Menthol_vs_NoMenthol"
"KXJ04328.1",-3.42767126641346,7.0014796520143e-09,"Menthol_Menthol_vs_NoMenthol"
"KXJ04356.1",1.54000979068509,0.00944461182351494,"Menthol_Menthol_vs_NoMenthol"
"KXJ04398.1",1.20236744208686,0.0476107678328451,"Menthol_Menthol_vs_NoMenthol"
"KXJ04557.1",1.54076966756347,0.00612276377967267,"Menthol_Menthol_vs_NoMenthol"
"KXJ04585.1",-0.976447786090864,0.0293470087871325,"Menthol_Menthol_vs_NoMenthol"
"KXJ04659.1",2.17472866380573,0.0125223214933207,"Menthol_Menthol_vs_NoMenthol"
"KXJ04740.1",-1.27999332835147,0.0181972771662724,"Menthol_Menthol_vs_NoMenthol"
"KXJ04879.1",-1.13607218846656,0.0155984955767706,"Menthol_Menthol_vs_NoMenthol"
"KXJ04981.1",1.96994718055453,0.0194288082397909,"Menthol_Menthol_vs_NoMenthol"
"KXJ04998.1",1.73293279064949,0.00397552788512951,"Menthol_Menthol_vs_NoMenthol"
"KXJ05014.1",-1.56434299878735,0.0413216334740904,"Menthol_Menthol_vs_NoMenthol"
"KXJ05049.1",4.6782201506363,0.041892765007245,"Menthol_Menthol_vs_NoMenthol"
"KXJ05067.1",3.42138883257938,3.21243372237243e-07,"Menthol_Menthol_vs_NoMenthol"
"KXJ05164.1",2.63481300442084,0.002917408765533,"Menthol_Menthol_vs_NoMenthol"
"KXJ05276.1",-0.759046271993262,0.0431879689332978,"Menthol_Menthol_vs_NoMenthol"
"KXJ05327.1",-0.713419153974133,0.00428619608166978,"Menthol_Menthol_vs_NoMenthol"
"KXJ05340.1",1.66634322051488,0.0414413444074852,"Menthol_Menthol_vs_NoMenthol"
"KXJ05384.1",1.80401059042693,0.0484375924597718,"Menthol_Menthol_vs_NoMenthol"
"KXJ05386.1",1.95532528485817,0.00481535222233002,"Menthol_Menthol_vs_NoMenthol"
"KXJ05389.1",-14.4771078946733,0.000130131143591809,"Menthol_Menthol_vs_NoMenthol"
"KXJ05577.1",-1.54452331283459,0.00474743048690629,"Menthol_Menthol_vs_NoMenthol"
"KXJ05594.1",2.47998114649594,0.0217336789338027,"Menthol_Menthol_vs_NoMenthol"
"KXJ05606.1",1.55986144306401,0.0120234050285482,"Menthol_Menthol_vs_NoMenthol"
"KXJ05611.1",1.00302795305889,0.0398271615578854,"Menthol_Menthol_vs_NoMenthol"
"KXJ05622.1",1.06809743375214,0.0276633210766641,"Menthol_Menthol_vs_NoMenthol"
"KXJ05767.1",1.71073266782392,0.0147114406689018,"Menthol_Menthol_vs_NoMenthol"
"KXJ05809.1",21.5253481024119,4.47969383517323e-11,"Menthol_Menthol_vs_NoMenthol"
"KXJ05811.1",0.881825490769675,0.0287629558187515,"Menthol_Menthol_vs_NoMenthol"
"KXJ05862.1",0.914895006291173,0.0238712746701986,"Menthol_Menthol_vs_NoMenthol"
"KXJ05884.1",1.95011612023107,0.0116501262818526,"Menthol_Menthol_vs_NoMenthol"
"KXJ05907.1",-1.1026313847744,0.0015436373606222,"Menthol_Menthol_vs_NoMenthol"
"KXJ05922.1",1.84879410298348,0.0293780284455667,"Menthol_Menthol_vs_NoMenthol"
"KXJ06011.1",2.48431087960183,0.0268984541399824,"Menthol_Menthol_vs_NoMenthol"
"KXJ06042.1",2.02925798500346,0.0241074262360107,"Menthol_Menthol_vs_NoMenthol"
"KXJ06051.1",1.5906977693377,0.0432398552616719,"Menthol_Menthol_vs_NoMenthol"
"KXJ06059.1",2.27486330066889,0.00688086698557796,"Menthol_Menthol_vs_NoMenthol"
"KXJ06071.1",-0.582460327375915,0.0226515576928735,"Menthol_Menthol_vs_NoMenthol"
"KXJ06130.1",3.05228144126297,0.0321828992431915,"Menthol_Menthol_vs_NoMenthol"
"KXJ06155.1",-0.813056503018778,0.000396072189833799,"Menthol_Menthol_vs_NoMenthol"
"KXJ06210.1",-2.14237538852492,0.0311487272305242,"Menthol_Menthol_vs_NoMenthol"
"KXJ06281.1",7.48837683293275,0.00819278441315081,"Menthol_Menthol_vs_NoMenthol"
"KXJ06442.1",1.96721934489208,0.033270161026675,"Menthol_Menthol_vs_NoMenthol"
"KXJ06447.1",-3.04476061030224,0.0490707217322278,"Menthol_Menthol_vs_NoMenthol"
"KXJ06469.1",-2.92266194535761,6.60571846405199e-05,"Menthol_Menthol_vs_NoMenthol"
"KXJ06571.1",1.3543464032957,0.0330981860078889,"Menthol_Menthol_vs_NoMenthol"
"KXJ06586.1",2.29401754187861,0.00124043560203564,"Menthol_Menthol_vs_NoMenthol"
"KXJ06695.1",3.25853362054023,0.0447765050045031,"Menthol_Menthol_vs_NoMenthol"
"KXJ06754.1",4.70410811647286,0.0194630638361883,"Menthol_Menthol_vs_NoMenthol"
"KXJ06760.1",2.87622009324508,0.00894759689490785,"Menthol_Menthol_vs_NoMenthol"
"KXJ06793.1",1.29962815368495,0.00836693755194288,"Menthol_Menthol_vs_NoMenthol"
"KXJ06847.1",2.1325511551509,0.040095925574775,"Menthol_Menthol_vs_NoMenthol"
"KXJ06898.1",-3.069947980067,1.24435671827801e-06,"Menthol_Menthol_vs_NoMenthol"
"KXJ07060.1",-2.43430274147618,0.00022100232146609,"Menthol_Menthol_vs_NoMenthol"
"KXJ07152.1",0.986036763056272,0.000281718024629879,"Menthol_Menthol_vs_NoMenthol"
"KXJ07270.1",5.39099689352211,0.0329643780159952,"Menthol_Menthol_vs_NoMenthol"
"KXJ07281.1",-0.787163423236399,0.0227675161153827,"Menthol_Menthol_vs_NoMenthol"
"KXJ07311.1",1.05757152990729,0.0273804551129367,"Menthol_Menthol_vs_NoMenthol"
"KXJ07479.1",-1.2654791370573,0.00023055041265818,"Menthol_Menthol_vs_NoMenthol"
"KXJ07483.1",-0.719097490555908,0.0146985357210428,"Menthol_Menthol_vs_NoMenthol"
"KXJ07589.1",-2.9798187519706,1.92049194763194e-05,"Menthol_Menthol_vs_NoMenthol"
"KXJ07622.1",1.2292938999336,0.00331477320365383,"Menthol_Menthol_vs_NoMenthol"
"KXJ07697.1",1.33042728598066,0.0357394890721163,"Menthol_Menthol_vs_NoMenthol"
"KXJ07747.1",0.751158017091127,0.0333788780027381,"Menthol_Menthol_vs_NoMenthol"
"KXJ07756.1",1.45273197866411,0.0350946118419427,"Menthol_Menthol_vs_NoMenthol"
"KXJ07767.1",-0.564684058355877,0.0276943146264706,"Menthol_Menthol_vs_NoMenthol"
"KXJ07843.1",2.04087515589061,0.0334903792364831,"Menthol_Menthol_vs_NoMenthol"
"KXJ07852.1",0.664454647911801,0.0184620357680145,"Menthol_Menthol_vs_NoMenthol"
"KXJ07920.1",-1.10758499234115,0.0418421423228439,"Menthol_Menthol_vs_NoMenthol"
"KXJ07924.1",0.70858926796092,0.00835593319167059,"Menthol_Menthol_vs_NoMenthol"
"KXJ07936.1",2.25182237759062,0.000555535943088315,"Menthol_Menthol_vs_NoMenthol"
"KXJ07953.1",1.84422908314226,0.0414413444074852,"Menthol_Menthol_vs_NoMenthol"
"KXJ07973.1",-1.69610796595692,0.0482680953721956,"Menthol_Menthol_vs_NoMenthol"
"KXJ07976.1",-0.628668498899566,0.00746522663324573,"Menthol_Menthol_vs_NoMenthol"
"KXJ07991.1",0.656766819222795,0.00719987058513698,"Menthol_Menthol_vs_NoMenthol"
"KXJ07992.1",1.54749529966375,0.00770914024830151,"Menthol_Menthol_vs_NoMenthol"
"KXJ07993.1",1.4922004857863,0.0347906762006476,"Menthol_Menthol_vs_NoMenthol"
"KXJ08003.1",-3.45790794050463,0.000112032779788048,"Menthol_Menthol_vs_NoMenthol"
"KXJ08018.1",1.35221779220745,0.0103452231419378,"Menthol_Menthol_vs_NoMenthol"
"KXJ08040.1",1.46588015519256,0.0469641748243095,"Menthol_Menthol_vs_NoMenthol"
"KXJ08063.1",2.76646156915864,0.0166234707681237,"Menthol_Menthol_vs_NoMenthol"
"KXJ08257.1",1.34623327288724,0.0476904827794373,"Menthol_Menthol_vs_NoMenthol"
"KXJ08262.1",-0.59148979417794,0.0214278753406274,"Menthol_Menthol_vs_NoMenthol"
"KXJ08322.1",-0.674912047492808,0.026238836117211,"Menthol_Menthol_vs_NoMenthol"
"KXJ08332.1",2.09113016868884,0.0443972086810984,"Menthol_Menthol_vs_NoMenthol"
"KXJ08351.1",1.36467482201457,0.0322064086314977,"Menthol_Menthol_vs_NoMenthol"
"KXJ08371.1",1.09993284889366,0.00555284846692607,"Menthol_Menthol_vs_NoMenthol"
"KXJ08417.1",1.08904872321155,0.0298563591215633,"Menthol_Menthol_vs_NoMenthol"
"KXJ08451.1",-0.546934008282555,0.0105929475588683,"Menthol_Menthol_vs_NoMenthol"
"KXJ08487.1",-0.463779434376526,0.0191883692971902,"Menthol_Menthol_vs_NoMenthol"
"KXJ08493.1",0.785855062000611,0.00116611285792313,"Menthol_Menthol_vs_NoMenthol"
"KXJ08513.1",2.71546124589252,0.0289017063530142,"Menthol_Menthol_vs_NoMenthol"
"KXJ08560.1",0.597879588281118,0.0109085991173567,"Menthol_Menthol_vs_NoMenthol"
"KXJ08579.1",0.782044875646673,0.0330981860078889,"Menthol_Menthol_vs_NoMenthol"
"KXJ08588.1",1.21534328118713,0.00416108663906036,"Menthol_Menthol_vs_NoMenthol"
"KXJ08614.1",-0.621063857338716,0.0450164087965033,"Menthol_Menthol_vs_NoMenthol"
"KXJ08691.1",-0.702142142961538,0.0118946699674281,"Menthol_Menthol_vs_NoMenthol"
"KXJ08714.1",-0.50401239172885,0.0437396315145053,"Menthol_Menthol_vs_NoMenthol"
"KXJ08764.1",-1.7481803156297,1.58502184362268e-08,"Menthol_Menthol_vs_NoMenthol"
"KXJ08864.1",-0.675167070601782,0.000287819761621202,"Menthol_Menthol_vs_NoMenthol"
"KXJ08873.1",-1.55434923254793,0.00584677614920554,"Menthol_Menthol_vs_NoMenthol"
"KXJ08999.1",1.30835983047282,0.0381019526222432,"Menthol_Menthol_vs_NoMenthol"
"KXJ09039.1",-0.822047799916009,0.000703837276904526,"Menthol_Menthol_vs_NoMenthol"
"KXJ09062.1",0.86000983180144,0.0456536591320433,"Menthol_Menthol_vs_NoMenthol"
"KXJ09063.1",-0.951972685584996,0.00073752012274921,"Menthol_Menthol_vs_NoMenthol"
"KXJ09092.1",0.953980559970759,0.00187713791015716,"Menthol_Menthol_vs_NoMenthol"
"KXJ09093.1",0.581439713873126,0.00977015430857553,"Menthol_Menthol_vs_NoMenthol"
"KXJ09158.1",2.13307282020234,0.0154249342763156,"Menthol_Menthol_vs_NoMenthol"
"KXJ09163.1",1.98119779015453,0.0339088962280309,"Menthol_Menthol_vs_NoMenthol"
"KXJ09164.1",1.33228564405516,0.0181739221374912,"Menthol_Menthol_vs_NoMenthol"
"KXJ09165.1",1.90893137027779,0.00273267808065548,"Menthol_Menthol_vs_NoMenthol"
"KXJ09191.1",1.66961815995429,0.00482940445481529,"Menthol_Menthol_vs_NoMenthol"
"KXJ09195.1",0.770336065806915,0.00921661321078394,"Menthol_Menthol_vs_NoMenthol"
"KXJ09242.1",1.36299877499061,0.0167389041036257,"Menthol_Menthol_vs_NoMenthol"
"KXJ09305.1",-0.451110538081677,0.0474980620013724,"Menthol_Menthol_vs_NoMenthol"
"KXJ09335.1",-0.78452550273019,0.0213356643419336,"Menthol_Menthol_vs_NoMenthol"
"KXJ09363.1",1.06671921476574,0.0476107678328451,"Menthol_Menthol_vs_NoMenthol"
"KXJ09372.1",-1.0352192540825,0.0206767641764394,"Menthol_Menthol_vs_NoMenthol"
"KXJ09377.1",-0.689556053165151,0.0414413444074852,"Menthol_Menthol_vs_NoMenthol"
"KXJ09385.1",-1.14886733055682,0.000951273993378462,"Menthol_Menthol_vs_NoMenthol"
"KXJ09403.1",1.09900144314019,0.0476107678328451,"Menthol_Menthol_vs_NoMenthol"
"KXJ09404.1",1.28715130194055,0.00313598992919603,"Menthol_Menthol_vs_NoMenthol"
"KXJ09405.1",1.47971798626803,0.0171992703400502,"Menthol_Menthol_vs_NoMenthol"
"KXJ09406.1",-0.953135359868974,0.00944461182351494,"Menthol_Menthol_vs_NoMenthol"
"KXJ09411.1",-0.838462193232487,0.01369682638343,"Menthol_Menthol_vs_NoMenthol"
"KXJ09449.1",2.0580671165116,0.00245243642142656,"Menthol_Menthol_vs_NoMenthol"
"KXJ09452.1",1.14479260178446,0.0277725542336676,"Menthol_Menthol_vs_NoMenthol"
"KXJ09491.1",1.63514238587557,0.00814663270097933,"Menthol_Menthol_vs_NoMenthol"
"KXJ09555.1",0.838302969928028,0.048079036981673,"Menthol_Menthol_vs_NoMenthol"
"KXJ09578.1",0.884545763459973,0.0491135453733422,"Menthol_Menthol_vs_NoMenthol"
"KXJ09633.1",1.28554267925789,0.00595308055446691,"Menthol_Menthol_vs_NoMenthol"
"KXJ09671.1",-1.01668489085096,0.00355822894140134,"Menthol_Menthol_vs_NoMenthol"
"KXJ09676.1",-0.646042328852704,0.0130863260796526,"Menthol_Menthol_vs_NoMenthol"
"KXJ09717.1",1.32459261391745,0.00746063817958179,"Menthol_Menthol_vs_NoMenthol"
"KXJ09730.1",-0.910520882299718,0.000287819761621202,"Menthol_Menthol_vs_NoMenthol"
"KXJ09732.1",1.0188678306182,0.0414889467045127,"Menthol_Menthol_vs_NoMenthol"
"KXJ09745.1",0.434061504066055,0.0290500647259748,"Menthol_Menthol_vs_NoMenthol"
"KXJ09783.1",-0.573822647225959,0.00820556068243992,"Menthol_Menthol_vs_NoMenthol"
"KXJ09807.1",2.01729076128834,0.03503682212427,"Menthol_Menthol_vs_NoMenthol"
"KXJ09808.1",1.28254953118685,0.0202453456384262,"Menthol_Menthol_vs_NoMenthol"
"KXJ09812.1",1.31541069082509,0.0436909732676467,"Menthol_Menthol_vs_NoMenthol"
"KXJ09840.1",-0.782573865203326,0.0437955304443653,"Menthol_Menthol_vs_NoMenthol"
"KXJ09848.1",1.00215280953121,0.00763892223156566,"Menthol_Menthol_vs_NoMenthol"
"KXJ09924.1",0.992172418539955,8.03580496939152e-05,"Menthol_Menthol_vs_NoMenthol"
"KXJ09940.1",-2.02620987515284,4.78482650082507e-07,"Menthol_Menthol_vs_NoMenthol"
"KXJ09979.1",-1.75275137660066,0.00801171392680926,"Menthol_Menthol_vs_NoMenthol"
"KXJ10008.1",2.42422384549178,0.0196067102684246,"Menthol_Menthol_vs_NoMenthol"
"KXJ10202.1",0.855290094578843,0.0411228396532554,"Menthol_Menthol_vs_NoMenthol"
"KXJ10239.1",-0.840289670545292,0.000590831133807737,"Menthol_Menthol_vs_NoMenthol"
"KXJ10252.1",1.52650025000734,0.0143684193672277,"Menthol_Menthol_vs_NoMenthol"
"KXJ10258.1",0.909156951536793,0.0105929475588683,"Menthol_Menthol_vs_NoMenthol"
"KXJ10263.1",1.41759365434145,0.0183713169938956,"Menthol_Menthol_vs_NoMenthol"
"KXJ10267.1",1.44537160398113,0.0153765717380032,"Menthol_Menthol_vs_NoMenthol"
"KXJ10270.1",1.2918998914832,0.00156781108166958,"Menthol_Menthol_vs_NoMenthol"
"KXJ10278.1",1.07000367212923,0.00978451374364918,"Menthol_Menthol_vs_NoMenthol"
"KXJ10281.1",1.16286072226024,0.0112946363648545,"Menthol_Menthol_vs_NoMenthol"
"KXJ10289.1",1.44549691333719,0.00585116420344535,"Menthol_Menthol_vs_NoMenthol"
"KXJ10295.1",1.50273808218197,0.0076148774844365,"Menthol_Menthol_vs_NoMenthol"
"KXJ10299.1",1.58335455947649,0.00885274237916156,"Menthol_Menthol_vs_NoMenthol"
"KXJ10327.1",-1.07663219534627,0.00230053477300941,"Menthol_Menthol_vs_NoMenthol"
"KXJ10333.1",-1.3566186691486,0.000158958036061541,"Menthol_Menthol_vs_NoMenthol"
"KXJ10344.1",0.63444641622989,0.0476904827794373,"Menthol_Menthol_vs_NoMenthol"
"KXJ10425.1",0.926727226916976,4.22030673428723e-05,"Menthol_Menthol_vs_NoMenthol"
"KXJ10456.1",-0.500892969804898,0.0219024746736784,"Menthol_Menthol_vs_NoMenthol"
"KXJ10466.1",-2.52090560806687,0.032932555667367,"Menthol_Menthol_vs_NoMenthol"
"KXJ10477.1",1.19493409135063,0.00406285604392108,"Menthol_Menthol_vs_NoMenthol"
"KXJ10515.1",-0.688192640805466,0.03894281039209,"Menthol_Menthol_vs_NoMenthol"
"KXJ10550.1",-0.587083592437156,0.0255903892897429,"Menthol_Menthol_vs_NoMenthol"
"KXJ10562.1",-0.602227887570935,0.0166460452474158,"Menthol_Menthol_vs_NoMenthol"
"KXJ10568.1",-0.749649900077974,0.0144221123809731,"Menthol_Menthol_vs_NoMenthol"
"KXJ10580.1",-0.563289548337524,0.00869184738979564,"Menthol_Menthol_vs_NoMenthol"
"KXJ10587.1",-1.30431973737403,0.000204158656668244,"Menthol_Menthol_vs_NoMenthol"
"KXJ10635.1",1.13191395540097,0.0272502865658548,"Menthol_Menthol_vs_NoMenthol"
"KXJ10642.1",4.1077494845403,0.00223329400069652,"Menthol_Menthol_vs_NoMenthol"
"KXJ10649.1",5.31052777736235,0.00763892223156566,"Menthol_Menthol_vs_NoMenthol"
"KXJ10654.1",1.92936876506154,0.045293868799924,"Menthol_Menthol_vs_NoMenthol"
"KXJ10675.1",1.12840598971566,0.00173066248132821,"Menthol_Menthol_vs_NoMenthol"
"KXJ10682.1",0.665857835340197,0.0445627969441945,"Menthol_Menthol_vs_NoMenthol"
"KXJ10688.1",1.12213532377136,0.0187187470461677,"Menthol_Menthol_vs_NoMenthol"
"KXJ10731.1",-0.747308486117864,0.000531981941359201,"Menthol_Menthol_vs_NoMenthol"
"KXJ10742.1",1.98462918839493,0.0254035202783948,"Menthol_Menthol_vs_NoMenthol"
"KXJ10781.1",4.0706421264759,0.00135144973119278,"Menthol_Menthol_vs_NoMenthol"
"KXJ10803.1",1.7819844371691,0.041448127374485,"Menthol_Menthol_vs_NoMenthol"
"KXJ10810.1",1.0023575879963,0.00702354803524519,"Menthol_Menthol_vs_NoMenthol"
"KXJ10863.1",-1.04576783163036,0.0276757141253538,"Menthol_Menthol_vs_NoMenthol"
"KXJ10894.1",0.699508926569124,0.00711600244677218,"Menthol_Menthol_vs_NoMenthol"
"KXJ10965.1",-1.08988840288808,0.000448224428327206,"Menthol_Menthol_vs_NoMenthol"
"KXJ10983.1",-0.923861428546592,0.00240327517303658,"Menthol_Menthol_vs_NoMenthol"
"KXJ11033.1",0.884466712016508,0.0431879689332978,"Menthol_Menthol_vs_NoMenthol"
"KXJ11036.1",-0.671876948416291,0.0419394234621205,"Menthol_Menthol_vs_NoMenthol"
"KXJ11047.1",1.75445590449409,0.0186564816811366,"Menthol_Menthol_vs_NoMenthol"
"KXJ11082.1",1.94166358855085,0.00230526419605866,"Menthol_Menthol_vs_NoMenthol"
"KXJ11084.1",1.08284704852873,0.00406285604392108,"Menthol_Menthol_vs_NoMenthol"
"KXJ11102.1",-0.54595967330075,0.0298752885246429,"Menthol_Menthol_vs_NoMenthol"
"KXJ11124.1",-1.00551478419475,0.00265838404587982,"Menthol_Menthol_vs_NoMenthol"
"KXJ11136.1",-1.14635473317682,0.0152094539934152,"Menthol_Menthol_vs_NoMenthol"
"KXJ11161.1",0.682776439097465,6.93080746089241e-08,"Menthol_Menthol_vs_NoMenthol"
"KXJ11169.1",0.613855507809099,0.0250302073810937,"Menthol_Menthol_vs_NoMenthol"
"KXJ11216.1",0.85020792643785,0.0389363538305352,"Menthol_Menthol_vs_NoMenthol"
"KXJ11247.1",0.992067928798987,0.0107165313477939,"Menthol_Menthol_vs_NoMenthol"
"KXJ11277.1",-2.83554423092251,1.77542920559718e-05,"Menthol_Menthol_vs_NoMenthol"
"KXJ11283.1",-1.53454632493091,0.0120062092319824,"Menthol_Menthol_vs_NoMenthol"
"KXJ11290.1",-1.10578037505693,2.00505779718108e-08,"Menthol_Menthol_vs_NoMenthol"
"KXJ11305.1",0.975449384330278,0.00490311749958146,"Menthol_Menthol_vs_NoMenthol"
"KXJ11315.1",-0.466712638610289,0.0221721654643845,"Menthol_Menthol_vs_NoMenthol"
"KXJ11413.1",-0.724557258333672,0.0353561991678846,"Menthol_Menthol_vs_NoMenthol"
"KXJ11417.1",-0.532090161206768,0.000565532683262556,"Menthol_Menthol_vs_NoMenthol"
"KXJ11422.1",1.30865477405564,0.0220707833942194,"Menthol_Menthol_vs_NoMenthol"
"KXJ11431.1",1.93829653563068,0.0108979393436512,"Menthol_Menthol_vs_NoMenthol"
"KXJ11438.1",0.820439514534496,0.048079036981673,"Menthol_Menthol_vs_NoMenthol"
"KXJ11460.1",2.83190211570903,0.0138205968691488,"Menthol_Menthol_vs_NoMenthol"
"KXJ11491.1",1.40395123437037,0.0145284566620825,"Menthol_Menthol_vs_NoMenthol"
"KXJ11498.1",-1.0747366669261,0.000340291256844934,"Menthol_Menthol_vs_NoMenthol"
"KXJ11593.1",-0.525072214593495,0.0368933609119229,"Menthol_Menthol_vs_NoMenthol"
"KXJ11604.1",1.43391495345279,0.00917184589791534,"Menthol_Menthol_vs_NoMenthol"
"KXJ11694.1",1.07340936651865,0.00711600244677218,"Menthol_Menthol_vs_NoMenthol"
"KXJ11698.1",2.60848982350211,0.00463492354441363,"Menthol_Menthol_vs_NoMenthol"
"KXJ11710.1",0.812225568798937,0.0302257122103713,"Menthol_Menthol_vs_NoMenthol"
"KXJ11728.1",22.7908661897773,1.60598857975383e-17,"Menthol_Menthol_vs_NoMenthol"
"KXJ11731.1",1.43080564525963,0.0460388428832937,"Menthol_Menthol_vs_NoMenthol"
"KXJ11785.1",0.940582646375927,0.0374606376188816,"Menthol_Menthol_vs_NoMenthol"
"KXJ11808.1",-0.393542194842034,0.0282217076858979,"Menthol_Menthol_vs_NoMenthol"
"KXJ11829.1",-0.961807218723648,0.00101046688581556,"Menthol_Menthol_vs_NoMenthol"
"KXJ11852.1",1.83262237021207,0.0345557175325763,"Menthol_Menthol_vs_NoMenthol"
"KXJ11910.1",0.772422967755373,0.043665759218443,"Menthol_Menthol_vs_NoMenthol"
"KXJ11983.1",-0.389952568243482,0.0471515386685296,"Menthol_Menthol_vs_NoMenthol"
"KXJ12001.1",1.57122069254887,0.0163319290129786,"Menthol_Menthol_vs_NoMenthol"
"KXJ12003.1",1.78814446760095,0.00245243642142656,"Menthol_Menthol_vs_NoMenthol"
"KXJ12012.1",0.922426138880253,0.0270950084226258,"Menthol_Menthol_vs_NoMenthol"
"KXJ12034.1",1.56454031639986,0.0423142038790191,"Menthol_Menthol_vs_NoMenthol"
"KXJ12041.1",1.29428184967416,0.0138497863958053,"Menthol_Menthol_vs_NoMenthol"
"KXJ12078.1",-0.764701308199814,0.013759218366595,"Menthol_Menthol_vs_NoMenthol"
"KXJ12090.1",-1.17271070220139,0.0413363821423015,"Menthol_Menthol_vs_NoMenthol"
"KXJ12092.1",1.33718515401027,0.03503682212427,"Menthol_Menthol_vs_NoMenthol"
"KXJ12125.1",-0.590154473520443,0.0334903792364831,"Menthol_Menthol_vs_NoMenthol"
"KXJ12140.1",1.00620354162279,0.00978975154838125,"Menthol_Menthol_vs_NoMenthol"
"KXJ12162.1",-0.630897660447684,0.0107877599599988,"Menthol_Menthol_vs_NoMenthol"
"KXJ12176.1",-0.721802182579214,0.00293226485588497,"Menthol_Menthol_vs_NoMenthol"
"KXJ12184.1",-0.811742866905684,0.00871749509098151,"Menthol_Menthol_vs_NoMenthol"
"KXJ12191.1",1.99598740709495,0.0183713169938956,"Menthol_Menthol_vs_NoMenthol"
"KXJ12206.1",15.5645632616602,1.77542920559718e-05,"Menthol_Menthol_vs_NoMenthol"
"KXJ12211.1",-1.40845335133884,3.95214051318965e-06,"Menthol_Menthol_vs_NoMenthol"
"KXJ12216.1",0.589287598730212,0.0084977301397702,"Menthol_Menthol_vs_NoMenthol"
"KXJ12224.1",1.75239930930624,0.00993217881095474,"Menthol_Menthol_vs_NoMenthol"
"KXJ12230.1",1.93579492185859,0.0121637450784169,"Menthol_Menthol_vs_NoMenthol"
"KXJ12235.1",-0.637442875825116,0.0413216334740904,"Menthol_Menthol_vs_NoMenthol"
"KXJ12238.1",1.93581634830599,0.00023055041265818,"Menthol_Menthol_vs_NoMenthol"
"KXJ12246.1",-0.431626997054965,0.0414464965624923,"Menthol_Menthol_vs_NoMenthol"
"KXJ12250.1",-0.443343374933407,0.039357325582823,"Menthol_Menthol_vs_NoMenthol"
"KXJ12299.1",1.36404481312117,0.00483380070657555,"Menthol_Menthol_vs_NoMenthol"
"KXJ12335.1",-0.555686911323293,0.0230559677999316,"Menthol_Menthol_vs_NoMenthol"
"KXJ12339.1",1.77721076557361,0.0170562745697337,"Menthol_Menthol_vs_NoMenthol"
"KXJ12341.1",-1.25016514550917,0.0196332888046755,"Menthol_Menthol_vs_NoMenthol"
"KXJ12379.1",0.728848004097784,0.00199850749414902,"Menthol_Menthol_vs_NoMenthol"
"KXJ12433.1",0.687095899021835,0.000325058143000957,"Menthol_Menthol_vs_NoMenthol"
"KXJ12437.1",-1.91593611940127,0.0464903703587596,"Menthol_Menthol_vs_NoMenthol"
"KXJ12446.1",0.912121803173894,0.0411228396532554,"Menthol_Menthol_vs_NoMenthol"
"KXJ12459.1",-0.619897907414985,0.0422286284564273,"Menthol_Menthol_vs_NoMenthol"
"KXJ12508.1",-0.967388959654547,0.044520089468647,"Menthol_Menthol_vs_NoMenthol"
"KXJ12563.1",2.02773134208868,0.00108111975005527,"Menthol_Menthol_vs_NoMenthol"
"KXJ12564.1",0.97358559414934,4.53349304115874e-05,"Menthol_Menthol_vs_NoMenthol"
"KXJ12602.1",-0.615885353003628,0.0124239974653397,"Menthol_Menthol_vs_NoMenthol"
"KXJ12604.1",-0.539082040792274,0.0366633666018792,"Menthol_Menthol_vs_NoMenthol"
"KXJ12614.1",-0.635701255881949,0.0254212736839107,"Menthol_Menthol_vs_NoMenthol"
"KXJ12636.1",-1.38037819147087,0.000531981941359201,"Menthol_Menthol_vs_NoMenthol"
"KXJ12639.1",-0.335021259796512,0.046751988928609,"Menthol_Menthol_vs_NoMenthol"
"KXJ12662.1",-0.812877555600571,0.00059310072763721,"Menthol_Menthol_vs_NoMenthol"
"KXJ12668.1",1.40254210650992,0.0419612882442234,"Menthol_Menthol_vs_NoMenthol"
"KXJ12688.1",1.68224483969157,0.000460113874683552,"Menthol_Menthol_vs_NoMenthol"
"KXJ12730.1",1.28594586629679,0.00886856016321551,"Menthol_Menthol_vs_NoMenthol"
"KXJ12795.1",-0.899508503997085,0.000152441013541528,"Menthol_Menthol_vs_NoMenthol"
"KXJ12804.1",-0.655175746845524,0.0385911639168782,"Menthol_Menthol_vs_NoMenthol"
"KXJ12850.1",-1.14336927771291,0.0238910376450521,"Menthol_Menthol_vs_NoMenthol"
"KXJ12887.1",1.05392021684478,0.0115778804744185,"Menthol_Menthol_vs_NoMenthol"
"KXJ12897.1",-0.532428897034348,0.00595308055446691,"Menthol_Menthol_vs_NoMenthol"
"KXJ12927.1",0.940643102131049,0.0174392536472367,"Menthol_Menthol_vs_NoMenthol"
"KXJ12990.1",3.73654079804991,0.000115737855971288,"Menthol_Menthol_vs_NoMenthol"
"KXJ13049.1",-0.900614887938164,0.0319192165908056,"Menthol_Menthol_vs_NoMenthol"
"KXJ13051.1",0.945901236008742,0.00884262396274326,"Menthol_Menthol_vs_NoMenthol"
"KXJ13060.1",-0.512800448335079,0.0463144646434788,"Menthol_Menthol_vs_NoMenthol"
"KXJ13083.1",0.807658440827295,0.00230738518440562,"Menthol_Menthol_vs_NoMenthol"
"KXJ13087.1",1.78498936954633,0.000370676569325408,"Menthol_Menthol_vs_NoMenthol"
"KXJ13088.1",-0.471973010062597,0.0361435359797684,"Menthol_Menthol_vs_NoMenthol"
"KXJ13105.1",-0.683077580684551,0.0455447370197704,"Menthol_Menthol_vs_NoMenthol"
"KXJ13108.1",1.33086866526488,0.00711600244677218,"Menthol_Menthol_vs_NoMenthol"
"KXJ13112.1",1.54281520311383,0.0185091750227232,"Menthol_Menthol_vs_NoMenthol"
"KXJ13126.1",-0.955286635596667,0.0409910368290193,"Menthol_Menthol_vs_NoMenthol"
"KXJ13132.1",1.61572613991925,0.0194288082397909,"Menthol_Menthol_vs_NoMenthol"
"KXJ13141.1",-1.05151304318408,0.00657932053881706,"Menthol_Menthol_vs_NoMenthol"
"KXJ13155.1",-0.648048107935003,0.0214811500031499,"Menthol_Menthol_vs_NoMenthol"
"KXJ13188.1",2.82022560481971,0.000145773141454805,"Menthol_Menthol_vs_NoMenthol"
"KXJ13190.1",3.08053435795698,0.00101046688581556,"Menthol_Menthol_vs_NoMenthol"
"KXJ13218.1",2.3856441031779,0.0132682128661946,"Menthol_Menthol_vs_NoMenthol"
"KXJ13232.1",2.40646695267789,0.0413216334740904,"Menthol_Menthol_vs_NoMenthol"
"KXJ13254.1",-0.624630035696517,0.0349726209899696,"Menthol_Menthol_vs_NoMenthol"
"KXJ13276.1",1.26330284575807,0.0437396315145053,"Menthol_Menthol_vs_NoMenthol"
"KXJ13301.1",-0.609428938985435,0.0368933609119229,"Menthol_Menthol_vs_NoMenthol"
"KXJ13308.1",0.997344339014479,0.0101945171374574,"Menthol_Menthol_vs_NoMenthol"
"KXJ13317.1",-0.672002772095023,0.0160339323065851,"Menthol_Menthol_vs_NoMenthol"
"KXJ13330.1",-0.342895684805733,0.0218333875530795,"Menthol_Menthol_vs_NoMenthol"
"KXJ13338.1",-1.21422078311779,0.00481535222233002,"Menthol_Menthol_vs_NoMenthol"
"KXJ13345.1",-0.916932120849827,0.0382132635614513,"Menthol_Menthol_vs_NoMenthol"
"KXJ13348.1",-0.909609473065138,0.0443972086810984,"Menthol_Menthol_vs_NoMenthol"
"KXJ13349.1",1.33437808880098,0.0240347497317117,"Menthol_Menthol_vs_NoMenthol"
"KXJ13360.1",-0.71390043711725,0.033808373839288,"Menthol_Menthol_vs_NoMenthol"
"KXJ13387.1",1.00685013495334,0.0176071735731374,"Menthol_Menthol_vs_NoMenthol"
"KXJ13398.1",-0.975677360000881,0.000424333015131919,"Menthol_Menthol_vs_NoMenthol"
"KXJ13402.1",0.763857444163214,0.00822254335445748,"Menthol_Menthol_vs_NoMenthol"
"KXJ13476.1",-0.922238373494733,0.00173066248132821,"Menthol_Menthol_vs_NoMenthol"
"KXJ13479.1",-0.777290362472325,0.0166739404734415,"Menthol_Menthol_vs_NoMenthol"
"KXJ13495.1",-0.370499125168586,0.0368933609119229,"Menthol_Menthol_vs_NoMenthol"
"KXJ13504.1",2.10220560440851,0.000432949022693649,"Menthol_Menthol_vs_NoMenthol"
"KXJ13517.1",-0.75663164935346,0.000858579300512951,"Menthol_Menthol_vs_NoMenthol"
"KXJ13524.1",-0.818998219069214,0.00142086284217511,"Menthol_Menthol_vs_NoMenthol"
"KXJ13553.1",1.40967886698669,0.0107020286679648,"Menthol_Menthol_vs_NoMenthol"
"KXJ13570.1",-1.15351777174377,0.000174831380269594,"Menthol_Menthol_vs_NoMenthol"
"KXJ13586.1",-2.4768344398883,8.26564046821844e-07,"Menthol_Menthol_vs_NoMenthol"
"KXJ13604.1",0.862258901859317,0.0454291425726371,"Menthol_Menthol_vs_NoMenthol"
"KXJ13615.1",-1.75585063409587,0.0297231881098074,"Menthol_Menthol_vs_NoMenthol"
"KXJ13656.1",-0.866381430498677,0.00260285418938648,"Menthol_Menthol_vs_NoMenthol"
"KXJ13718.1",-1.35779919383761,0.0366633666018792,"Menthol_Menthol_vs_NoMenthol"
"KXJ13823.1",-0.562729399749496,0.0442273874191967,"Menthol_Menthol_vs_NoMenthol"
"KXJ13832.1",1.75987406243782,0.000176805675683669,"Menthol_Menthol_vs_NoMenthol"
"KXJ13844.1",1.69211301174841,0.0329643780159952,"Menthol_Menthol_vs_NoMenthol"
"KXJ13847.1",1.70586228454507,0.0230559677999316,"Menthol_Menthol_vs_NoMenthol"
"KXJ13868.1",-0.67553542469018,2.01571419875789e-07,"Menthol_Menthol_vs_NoMenthol"
"KXJ13880.1",-1.55339297875853,0.0302166484846987,"Menthol_Menthol_vs_NoMenthol"
"KXJ13892.1",2.91120779309584,0.0003388292694238,"Menthol_Menthol_vs_NoMenthol"
"KXJ13915.1",1.15963970271711,0.0365541923760423,"Menthol_Menthol_vs_NoMenthol"
"KXJ13925.1",1.13032645191517,0.0196067102684246,"Menthol_Menthol_vs_NoMenthol"
"KXJ14010.1",2.73809507082817,0.016825971755921,"Menthol_Menthol_vs_NoMenthol"
"KXJ14013.1",1.5420939502302,0.00294607713505432,"Menthol_Menthol_vs_NoMenthol"
"KXJ14016.1",-0.730055408755283,0.00214545359984177,"Menthol_Menthol_vs_NoMenthol"
"KXJ14050.1",1.00283241626248,0.0463144646434788,"Menthol_Menthol_vs_NoMenthol"
"KXJ14061.1",-0.754084134924607,0.00835593319167059,"Menthol_Menthol_vs_NoMenthol"
"KXJ14064.1",1.79541358718255,0.0319192165908056,"Menthol_Menthol_vs_NoMenthol"
"KXJ14097.1",1.82308921792957,0.00116611285792313,"Menthol_Menthol_vs_NoMenthol"
"KXJ14220.1",-2.82907823292525,0.000858356381563192,"Menthol_Menthol_vs_NoMenthol"
"KXJ14242.1",-0.83504769608453,0.0464041659468248,"Menthol_Menthol_vs_NoMenthol"
"KXJ14249.1",-0.710244105146821,0.0270048035043055,"Menthol_Menthol_vs_NoMenthol"
"KXJ14260.1",-0.888932088856085,0.0254035202783948,"Menthol_Menthol_vs_NoMenthol"
"KXJ14293.1",-0.647763878035047,0.000431559135170043,"Menthol_Menthol_vs_NoMenthol"
"KXJ14305.1",-0.604237156758458,0.0454590601199712,"Menthol_Menthol_vs_NoMenthol"
"KXJ14320.1",1.64455362719161,0.0330981860078889,"Menthol_Menthol_vs_NoMenthol"
"KXJ14329.1",-0.995003542174118,0.00699638069031114,"Menthol_Menthol_vs_NoMenthol"
"KXJ14331.1",0.809299783979065,0.0215116462625878,"Menthol_Menthol_vs_NoMenthol"
"KXJ14362.1",2.3222338336296,0.0321236462558776,"Menthol_Menthol_vs_NoMenthol"
"KXJ14413.1",-0.779579506772417,0.0334710891671579,"Menthol_Menthol_vs_NoMenthol"
"KXJ14421.1",-3.36514715327992,3.46674968445172e-12,"Menthol_Menthol_vs_NoMenthol"
"KXJ14435.1",-0.639649018234828,0.00311270561922754,"Menthol_Menthol_vs_NoMenthol"
"KXJ14445.1",0.788157397150128,0.0033501558961922,"Menthol_Menthol_vs_NoMenthol"
"KXJ14448.1",0.908067809194632,0.00227782045735009,"Menthol_Menthol_vs_NoMenthol"
"KXJ14469.1",1.12850889476893,0.0219273282058126,"Menthol_Menthol_vs_NoMenthol"
"KXJ14508.1",-1.20529420077993,0.0476107678328451,"Menthol_Menthol_vs_NoMenthol"
"KXJ14509.1",-0.40928288693968,0.00927866457382256,"Menthol_Menthol_vs_NoMenthol"
"KXJ14544.1",1.00401488681336,0.0215116462625878,"Menthol_Menthol_vs_NoMenthol"
"KXJ14567.1",-0.879133314752795,0.00666186773553228,"Menthol_Menthol_vs_NoMenthol"
"KXJ14572.1",3.53603661254904,0.000495118598209844,"Menthol_Menthol_vs_NoMenthol"
"KXJ14574.1",1.38826013237255,0.0394858038802352,"Menthol_Menthol_vs_NoMenthol"
"KXJ14644.1",-0.468338273815308,0.0213935638453809,"Menthol_Menthol_vs_NoMenthol"
"KXJ14652.1",-0.578154323070836,0.03894281039209,"Menthol_Menthol_vs_NoMenthol"
"KXJ14655.1",1.30426715258502,0.00862650388832716,"Menthol_Menthol_vs_NoMenthol"
"KXJ14660.1",2.19153522336064,0.00273267808065548,"Menthol_Menthol_vs_NoMenthol"
"KXJ14670.1",-1.53031271144637,7.25004938322069e-06,"Menthol_Menthol_vs_NoMenthol"
"KXJ14671.1",0.807530190510266,0.000130131143591809,"Menthol_Menthol_vs_NoMenthol"
"KXJ14755.1",-1.97436351586006,0.000424333015131919,"Menthol_Menthol_vs_NoMenthol"
"KXJ14761.1",0.833763437953166,0.0296837559352328,"Menthol_Menthol_vs_NoMenthol"
"KXJ14771.1",-0.471138541614897,0.0235871944860768,"Menthol_Menthol_vs_NoMenthol"
"KXJ14772.1",-1.07591054420487,0.0003388292694238,"Menthol_Menthol_vs_NoMenthol"
"KXJ14786.1",-0.524976481961272,0.0145912707897857,"Menthol_Menthol_vs_NoMenthol"
"KXJ14792.1",0.944615766499367,0.018818192219915,"Menthol_Menthol_vs_NoMenthol"
"KXJ14848.1",-0.646017677231611,0.0349726209899696,"Menthol_Menthol_vs_NoMenthol"
"KXJ14855.1",1.18423200094788,1.91714855649087e-05,"Menthol_Menthol_vs_NoMenthol"
"KXJ14865.1",-0.956973669732757,1.92709587362395e-05,"Menthol_Menthol_vs_NoMenthol"
"KXJ14867.1",0.71570310888482,0.0138497863958053,"Menthol_Menthol_vs_NoMenthol"
"KXJ14900.1",1.15064036373657,0.0378074062075345,"Menthol_Menthol_vs_NoMenthol"
"KXJ14903.1",1.26431881869197,0.0185091750227232,"Menthol_Menthol_vs_NoMenthol"
"KXJ14969.1",-1.09037807627666,0.000927278315635719,"Menthol_Menthol_vs_NoMenthol"
"KXJ14973.1",0.909983767731877,0.00756800318128617,"Menthol_Menthol_vs_NoMenthol"
"KXJ14975.1",1.53952655451915,0.000166993267360284,"Menthol_Menthol_vs_NoMenthol"
"KXJ14991.1",-0.829753053317761,0.0370274007954956,"Menthol_Menthol_vs_NoMenthol"
"KXJ15011.1",-1.00094380588145,0.00546166565670277,"Menthol_Menthol_vs_NoMenthol"
"KXJ15032.1",-0.986093260404823,0.0220766142511637,"Menthol_Menthol_vs_NoMenthol"
"KXJ15064.1",-0.482980529138005,0.0138671972107732,"Menthol_Menthol_vs_NoMenthol"
"KXJ15065.1",-1.75741719274345,9.93638562281984e-07,"Menthol_Menthol_vs_NoMenthol"
"KXJ15071.1",-0.736247571059885,0.0111833979128769,"Menthol_Menthol_vs_NoMenthol"
"KXJ15084.1",-0.546922030333672,0.00156781108166958,"Menthol_Menthol_vs_NoMenthol"
"KXJ15088.1",-0.519830910524999,0.041589607239547,"Menthol_Menthol_vs_NoMenthol"
"KXJ15091.1",0.423065968727946,0.0301979570654444,"Menthol_Menthol_vs_NoMenthol"
"KXJ15134.1",-0.702697165712654,0.0461859525323041,"Menthol_Menthol_vs_NoMenthol"
"KXJ15197.1",-0.700178439875962,0.0349726209899696,"Menthol_Menthol_vs_NoMenthol"
"KXJ15251.1",0.918619580219898,0.000340291256844934,"Menthol_Menthol_vs_NoMenthol"
"KXJ15268.1",1.55775487808805,0.00214545359984177,"Menthol_Menthol_vs_NoMenthol"
"KXJ15274.1",-0.628883063427935,0.0170562745697337,"Menthol_Menthol_vs_NoMenthol"
"KXJ15304.1",-0.653791379586536,0.0155984955767706,"Menthol_Menthol_vs_NoMenthol"
"KXJ15312.1",1.88476387754836,0.000341383293478797,"Menthol_Menthol_vs_NoMenthol"
"KXJ15336.1",-0.759908419160486,0.00481535222233002,"Menthol_Menthol_vs_NoMenthol"
"KXJ15337.1",-14.2090623416114,0.00711600244677218,"Menthol_Menthol_vs_NoMenthol"
"KXJ15349.1",0.588328828804085,0.0270931596420717,"Menthol_Menthol_vs_NoMenthol"
"KXJ15356.1",-4.40712571974554,0.0374775671892038,"Menthol_Menthol_vs_NoMenthol"
"KXJ15373.1",1.43980720351451,0.0153765717380032,"Menthol_Menthol_vs_NoMenthol"
"KXJ15376.1",2.23974983890079,0.00203000645971122,"Menthol_Menthol_vs_NoMenthol"
"KXJ15396.1",3.02888981642702,0.0010008000983459,"Menthol_Menthol_vs_NoMenthol"
"KXJ15439.1",1.20599367126091,0.0402219398754347,"Menthol_Menthol_vs_NoMenthol"
"KXJ15445.1",2.27700677015041,0.000281718024629879,"Menthol_Menthol_vs_NoMenthol"
"KXJ15512.1",1.74744186081583,0.00328641099043738,"Menthol_Menthol_vs_NoMenthol"
"KXJ15543.1",1.19917564180553,0.048079036981673,"Menthol_Menthol_vs_NoMenthol"
"KXJ15600.1",0.925203338248312,0.0276943146264706,"Menthol_Menthol_vs_NoMenthol"
"KXJ15618.1",1.68802836756863,0.000858356381563192,"Menthol_Menthol_vs_NoMenthol"
"KXJ15678.1",0.819825484252644,0.0321828992431915,"Menthol_Menthol_vs_NoMenthol"
"KXJ15716.1",-1.09568460990385,0.0110304140469403,"Menthol_Menthol_vs_NoMenthol"
"KXJ15721.1",-0.558639225275899,0.00699638069031114,"Menthol_Menthol_vs_NoMenthol"
"KXJ15722.1",-0.695860722376157,0.0173259350711721,"Menthol_Menthol_vs_NoMenthol"
"KXJ15734.1",0.718222974174454,0.00230738518440562,"Menthol_Menthol_vs_NoMenthol"
"KXJ15767.1",1.73682250220787,0.0372319719986192,"Menthol_Menthol_vs_NoMenthol"
"KXJ15798.1",-0.706122808486657,0.00169696540748464,"Menthol_Menthol_vs_NoMenthol"
"KXJ15826.1",-0.922771850586524,0.0122673376501149,"Menthol_Menthol_vs_NoMenthol"
"KXJ15902.1",-1.35835943499758,0.0014538809279334,"Menthol_Menthol_vs_NoMenthol"
"KXJ15909.1",-0.962905235259613,0.0103316626935651,"Menthol_Menthol_vs_NoMenthol"
"KXJ15911.1",0.648561833722891,0.048079036981673,"Menthol_Menthol_vs_NoMenthol"
"KXJ15913.1",2.14750200242023,0.0148440753828258,"Menthol_Menthol_vs_NoMenthol"
"KXJ15923.1",-0.946413933417338,0.0227589506538295,"Menthol_Menthol_vs_NoMenthol"
"KXJ15974.1",-0.81092979486568,0.00162708048549794,"Menthol_Menthol_vs_NoMenthol"
"KXJ15986.1",-0.702136916638532,0.0108979393436512,"Menthol_Menthol_vs_NoMenthol"
"KXJ15994.1",-0.907216051605519,0.00725840524328524,"Menthol_Menthol_vs_NoMenthol"
"KXJ16000.1",-2.0701613939433,1.63274380754131e-07,"Menthol_Menthol_vs_NoMenthol"
"KXJ16010.1",-1.76133061027224,0.00340800677724161,"Menthol_Menthol_vs_NoMenthol"
"KXJ16033.1",1.55295674945939,0.00110662675325134,"Menthol_Menthol_vs_NoMenthol"
"KXJ16036.1",0.830055790838533,0.0284417504371017,"Menthol_Menthol_vs_NoMenthol"
"KXJ16083.1",1.45676435803143,0.0118141662772349,"Menthol_Menthol_vs_NoMenthol"
"KXJ16087.1",0.902588322682377,0.000130131143591809,"Menthol_Menthol_vs_NoMenthol"
"KXJ16118.1",-0.606814031306127,0.00921661321078394,"Menthol_Menthol_vs_NoMenthol"
"KXJ16127.1",0.407340415923066,0.0264792826723135,"Menthol_Menthol_vs_NoMenthol"
"KXJ16132.1",-0.619202440528402,0.035652064597141,"Menthol_Menthol_vs_NoMenthol"
"KXJ16205.1",0.543782399193657,0.0297674059753156,"Menthol_Menthol_vs_NoMenthol"
"KXJ16214.1",0.943634454456577,0.046751988928609,"Menthol_Menthol_vs_NoMenthol"
"KXJ16217.1",-0.553719599272567,0.0465007112745934,"Menthol_Menthol_vs_NoMenthol"
"KXJ16222.1",0.831198807005267,3.40326867669948e-05,"Menthol_Menthol_vs_NoMenthol"
"KXJ16264.1",-2.62746252460314,0.0499661963330402,"Menthol_Menthol_vs_NoMenthol"
"KXJ16265.1",-0.310783263636682,0.0455447370197704,"Menthol_Menthol_vs_NoMenthol"
"KXJ16313.1",-0.649065118010775,0.0347906762006476,"Menthol_Menthol_vs_NoMenthol"
"KXJ16338.1",-0.730666305993978,0.00741380722079791,"Menthol_Menthol_vs_NoMenthol"
"KXJ16425.1",0.889457045912686,0.031118956576768,"Menthol_Menthol_vs_NoMenthol"
"KXJ16473.1",1.43519355874862,0.044520089468647,"Menthol_Menthol_vs_NoMenthol"
"KXJ16550.1",-0.752652352239417,0.0108979393436512,"Menthol_Menthol_vs_NoMenthol"
"KXJ16564.1",0.736877427431502,0.0277865227061302,"Menthol_Menthol_vs_NoMenthol"
"KXJ16565.1",0.510061956511606,0.0452984824519957,"Menthol_Menthol_vs_NoMenthol"
"KXJ16569.1",1.34009655281416,0.0410919562803898,"Menthol_Menthol_vs_NoMenthol"
"KXJ16570.1",-0.685811753045902,0.0254197951134122,"Menthol_Menthol_vs_NoMenthol"
"KXJ16574.1",-0.905827934645385,0.0154906625567078,"Menthol_Menthol_vs_NoMenthol"
"KXJ16577.1",1.47392939470441,0.0364046356357845,"Menthol_Menthol_vs_NoMenthol"
"KXJ16580.1",0.692979436858637,0.00666186773553228,"Menthol_Menthol_vs_NoMenthol"
"KXJ16604.1",1.05845516625118,0.0022176305074454,"Menthol_Menthol_vs_NoMenthol"
"KXJ16605.1",2.29406407484825,0.00328641099043738,"Menthol_Menthol_vs_NoMenthol"
"KXJ16609.1",0.640691117602806,0.0270950084226258,"Menthol_Menthol_vs_NoMenthol"
"KXJ16671.1",1.67101391936837,0.00336598375102704,"Menthol_Menthol_vs_NoMenthol"
"KXJ16674.1",-0.462457553541126,0.0112985970813568,"Menthol_Menthol_vs_NoMenthol"
"KXJ16682.1",1.68063758413046,0.00822254335445748,"Menthol_Menthol_vs_NoMenthol"
"KXJ16698.1",-1.33113495715452,0.0121637450784169,"Menthol_Menthol_vs_NoMenthol"
"KXJ16714.1",-1.03802712806407,0.0170562745697337,"Menthol_Menthol_vs_NoMenthol"
"KXJ16728.1",-0.701999164790624,0.0470022809884333,"Menthol_Menthol_vs_NoMenthol"
"KXJ16752.1",-0.437511353056587,0.0480485746340969,"Menthol_Menthol_vs_NoMenthol"
"KXJ16760.1",1.18140706802754,0.0076148774844365,"Menthol_Menthol_vs_NoMenthol"
"KXJ16767.1",-0.830116656033739,0.0404431909028662,"Menthol_Menthol_vs_NoMenthol"
"KXJ16815.1",1.71910728987562,0.0218333875530795,"Menthol_Menthol_vs_NoMenthol"
"KXJ16845.1",1.87856570324007,0.00538616904776075,"Menthol_Menthol_vs_NoMenthol"
"KXJ16853.1",1.75569964537874,0.00538249935393141,"Menthol_Menthol_vs_NoMenthol"
"KXJ16869.1",-0.656329884373697,0.0227589506538295,"Menthol_Menthol_vs_NoMenthol"
"KXJ16896.1",-0.683176519660969,8.39264915712898e-06,"Menthol_Menthol_vs_NoMenthol"
"KXJ16900.1",-0.866288993945115,0.0391923402855449,"Menthol_Menthol_vs_NoMenthol"
"KXJ16934.1",0.943425238269491,0.00751206652211923,"Menthol_Menthol_vs_NoMenthol"
"KXJ16947.1",0.95963834705216,0.0463144646434788,"Menthol_Menthol_vs_NoMenthol"
"KXJ16975.1",0.987663236430622,0.00374211593712417,"Menthol_Menthol_vs_NoMenthol"
"KXJ17008.1",-0.904387668870463,0.0394858038802352,"Menthol_Menthol_vs_NoMenthol"
"KXJ17014.1",0.987537068707079,0.0290500647259748,"Menthol_Menthol_vs_NoMenthol"
"KXJ17027.1",-0.632870181957366,0.0307987618488898,"Menthol_Menthol_vs_NoMenthol"
"KXJ17134.1",-0.787023065423796,0.00308392524078312,"Menthol_Menthol_vs_NoMenthol"
"KXJ17161.1",-1.06918868232661,0.00074302403308546,"Menthol_Menthol_vs_NoMenthol"
"KXJ17194.1",-0.436129480553507,0.00318611478295756,"Menthol_Menthol_vs_NoMenthol"
"KXJ17204.1",0.697967219862656,0.0366633666018792,"Menthol_Menthol_vs_NoMenthol"
"KXJ17275.1",-0.882466682664517,0.0166775255323087,"Menthol_Menthol_vs_NoMenthol"
"KXJ17284.1",-1.66144919806158,2.62513440141193e-07,"Menthol_Menthol_vs_NoMenthol"
"KXJ17313.1",0.519989894729124,0.00885274237916156,"Menthol_Menthol_vs_NoMenthol"
"KXJ17331.1",-0.905844245696133,0.00156781108166958,"Menthol_Menthol_vs_NoMenthol"
"KXJ17339.1",2.07677635960974,0.0108379981786852,"Menthol_Menthol_vs_NoMenthol"
"KXJ17345.1",-3.49255313451831,9.0284571891011e-05,"Menthol_Menthol_vs_NoMenthol"
"KXJ17352.1",0.669722917702233,0.00398024682681212,"Menthol_Menthol_vs_NoMenthol"
"KXJ17367.1",-0.616401490232701,0.0349726209899696,"Menthol_Menthol_vs_NoMenthol"
"KXJ17421.1",1.21594599561867,0.00756800318128617,"Menthol_Menthol_vs_NoMenthol"
"KXJ17450.1",0.779545175136911,0.00109788298833729,"Menthol_Menthol_vs_NoMenthol"
"KXJ17459.1",-0.599694475729025,0.00661143076548536,"Menthol_Menthol_vs_NoMenthol"
"KXJ17467.1",-0.610827574392372,0.00841010483025951,"Menthol_Menthol_vs_NoMenthol"
"KXJ17472.1",0.920845248649662,0.0100373347504682,"Menthol_Menthol_vs_NoMenthol"
"KXJ17494.1",-0.660098582002827,0.0029052140784507,"Menthol_Menthol_vs_NoMenthol"
"KXJ17514.1",0.933894871475137,0.0149377675169928,"Menthol_Menthol_vs_NoMenthol"
"KXJ17515.1",-1.07295298105013,0.000678609529646601,"Menthol_Menthol_vs_NoMenthol"
"KXJ17539.1",1.12791846638968,0.0266826304600597,"Menthol_Menthol_vs_NoMenthol"
"KXJ17540.1",-0.574617335764234,0.0323124833200971,"Menthol_Menthol_vs_NoMenthol"
"KXJ17564.1",0.929129971324158,0.0329643780159952,"Menthol_Menthol_vs_NoMenthol"
"KXJ17596.1",1.29819991237515,0.0132682128661946,"Menthol_Menthol_vs_NoMenthol"
"KXJ17610.1",-0.876330637624043,0.0174749454141995,"Menthol_Menthol_vs_NoMenthol"
"KXJ17615.1",-0.61241402995547,0.00311270561922754,"Menthol_Menthol_vs_NoMenthol"
"KXJ17619.1",-0.642300647909755,0.0144956036368323,"Menthol_Menthol_vs_NoMenthol"
"KXJ17628.1",1.46449361289496,0.00217514814380848,"Menthol_Menthol_vs_NoMenthol"
"KXJ17630.1",2.01173756761613,0.0205578967043899,"Menthol_Menthol_vs_NoMenthol"
"KXJ17670.1",-0.6013570663309,0.038977229295361,"Menthol_Menthol_vs_NoMenthol"
"KXJ17681.1",0.590403547627689,0.020477347494807,"Menthol_Menthol_vs_NoMenthol"
"KXJ17733.1",0.874578185780153,0.04508193472324,"Menthol_Menthol_vs_NoMenthol"
"KXJ17735.1",-0.626794566088782,0.0176071735731374,"Menthol_Menthol_vs_NoMenthol"
"KXJ17749.1",-0.475096151364682,0.0101071823090272,"Menthol_Menthol_vs_NoMenthol"
"KXJ17771.1",1.45198847743746,0.0329643780159952,"Menthol_Menthol_vs_NoMenthol"
"KXJ17773.1",-0.684207564882971,0.0186564816811366,"Menthol_Menthol_vs_NoMenthol"
"KXJ17775.1",-0.671458790166077,0.0206767641764394,"Menthol_Menthol_vs_NoMenthol"
"KXJ17805.1",-0.878036801897226,0.0200488755704902,"Menthol_Menthol_vs_NoMenthol"
"KXJ17834.1",1.60823233220715,0.00810481476815202,"Menthol_Menthol_vs_NoMenthol"
"KXJ17856.1",-1.25736655716074,0.00999997030874434,"Menthol_Menthol_vs_NoMenthol"
"KXJ17881.1",-0.497199648008238,0.0411228396532554,"Menthol_Menthol_vs_NoMenthol"
"KXJ17888.1",1.52476053791146,0.0266344284595652,"Menthol_Menthol_vs_NoMenthol"
"KXJ17894.1",0.969510438810953,0.0112985970813568,"Menthol_Menthol_vs_NoMenthol"
"KXJ17936.1",-0.888276447302162,0.0288245423367262,"Menthol_Menthol_vs_NoMenthol"
"KXJ17950.1",0.808462830524642,0.00311270561922754,"Menthol_Menthol_vs_NoMenthol"
"KXJ17975.1",-0.959663228009209,1.34180779219305e-07,"Menthol_Menthol_vs_NoMenthol"
"KXJ18033.1",-0.464886193201725,0.00278153927552524,"Menthol_Menthol_vs_NoMenthol"
"KXJ18038.1",0.925365667235944,0.00811601432679952,"Menthol_Menthol_vs_NoMenthol"
"KXJ18048.1",1.21843104604016,0.0121637450784169,"Menthol_Menthol_vs_NoMenthol"
"KXJ18054.1",0.974835160340298,0.0252018906031501,"Menthol_Menthol_vs_NoMenthol"
"KXJ18057.1",-0.913971496245839,0.00121427726962038,"Menthol_Menthol_vs_NoMenthol"
"KXJ18065.1",1.1491086570171,7.0014796520143e-09,"Menthol_Menthol_vs_NoMenthol"
"KXJ18086.1",0.650143725100973,0.00355822894140134,"Menthol_Menthol_vs_NoMenthol"
"KXJ18149.1",-2.23467711472083,0.00023055041265818,"Menthol_Menthol_vs_NoMenthol"
"KXJ18154.1",-1.21841488252176,0.0198900714604841,"Menthol_Menthol_vs_NoMenthol"
"KXJ18157.1",-1.22370310505047,0.00560746412080158,"Menthol_Menthol_vs_NoMenthol"
"KXJ18158.1",-0.619578340251497,0.0187683183395738,"Menthol_Menthol_vs_NoMenthol"
"KXJ18169.1",-0.497077047863331,0.0442273874191967,"Menthol_Menthol_vs_NoMenthol"
"KXJ18184.1",0.710497844994843,0.00860885316304856,"Menthol_Menthol_vs_NoMenthol"
"KXJ18200.1",-0.823878819937255,0.0034359878523694,"Menthol_Menthol_vs_NoMenthol"
"KXJ18206.1",-0.821443073267851,0.0192044314248802,"Menthol_Menthol_vs_NoMenthol"
"KXJ18222.1",1.22532649838943,0.0194288082397909,"Menthol_Menthol_vs_NoMenthol"
"KXJ18230.1",-0.428057029383077,0.0288241538231508,"Menthol_Menthol_vs_NoMenthol"
"KXJ18231.1",1.38555660927762,0.0406422210332915,"Menthol_Menthol_vs_NoMenthol"
"KXJ18281.1",-0.765768615854343,0.00589118858471889,"Menthol_Menthol_vs_NoMenthol"
"KXJ18295.1",0.753932044796928,0.0366768996042856,"Menthol_Menthol_vs_NoMenthol"
"KXJ18310.1",-4.67435334918929,3.49956211217813e-08,"Menthol_Menthol_vs_NoMenthol"
"KXJ18388.1",-0.794527206156292,0.0203419622732374,"Menthol_Menthol_vs_NoMenthol"
"KXJ18403.1",0.834121738444202,0.040035878340874,"Menthol_Menthol_vs_NoMenthol"
"KXJ18415.1",0.883583068958016,0.00281419669402298,"Menthol_Menthol_vs_NoMenthol"
"KXJ18436.1",2.3348797023262,0.000138616478250394,"Menthol_Menthol_vs_NoMenthol"
"KXJ18440.1",2.6002293865285,0.00289968046927449,"Menthol_Menthol_vs_NoMenthol"
"KXJ18456.1",-0.662463434474628,0.0265695142650119,"Menthol_Menthol_vs_NoMenthol"
"KXJ18467.1",-0.610853936483463,0.0186564816811366,"Menthol_Menthol_vs_NoMenthol"
"KXJ18548.1",-0.687953496453202,0.0408108066174216,"Menthol_Menthol_vs_NoMenthol"
"KXJ18557.1",0.759390800277364,0.00022100232146609,"Menthol_Menthol_vs_NoMenthol"
"KXJ18566.1",-0.620249444823722,0.0226515576928735,"Menthol_Menthol_vs_NoMenthol"
"KXJ18567.1",-1.06223565883506,0.0304345707399073,"Menthol_Menthol_vs_NoMenthol"
"KXJ18570.1",1.85137310427521,0.00319735449491041,"Menthol_Menthol_vs_NoMenthol"
"KXJ18594.1",-0.461711193168617,0.0464548229259271,"Menthol_Menthol_vs_NoMenthol"
"KXJ18603.1",0.841653540580718,0.0219810768486745,"Menthol_Menthol_vs_NoMenthol"
"KXJ18607.1",-1.22769206093754,0.00103882440568141,"Menthol_Menthol_vs_NoMenthol"
"KXJ18636.1",1.47417909889443,0.0334135518158987,"Menthol_Menthol_vs_NoMenthol"
"KXJ18646.1",0.475135028318328,0.0394858038802352,"Menthol_Menthol_vs_NoMenthol"
"KXJ18730.1",0.809128141885871,0.0170562745697337,"Menthol_Menthol_vs_NoMenthol"
"KXJ18739.1",-0.722625411309859,0.0227675161153827,"Menthol_Menthol_vs_NoMenthol"
"KXJ18824.1",0.62177611859159,0.0174698548392397,"Menthol_Menthol_vs_NoMenthol"
"KXJ18873.1",0.749552187730071,6.51615630063045e-09,"Menthol_Menthol_vs_NoMenthol"
"KXJ18879.1",1.25365039550943,0.0211438140123068,"Menthol_Menthol_vs_NoMenthol"
"KXJ18899.1",0.85106756751654,0.0434487063544691,"Menthol_Menthol_vs_NoMenthol"
"KXJ18910.1",-2.43237335793938,3.40103288684642e-11,"Menthol_Menthol_vs_NoMenthol"
"KXJ18920.1",-0.346095215047077,0.0469077481905745,"Menthol_Menthol_vs_NoMenthol"
"KXJ18942.1",1.22815373711782,0.0458112863592543,"Menthol_Menthol_vs_NoMenthol"
"KXJ18943.1",-0.664451129734876,0.044071972080694,"Menthol_Menthol_vs_NoMenthol"
"KXJ18991.1",1.58617304081446,0.0201740400782968,"Menthol_Menthol_vs_NoMenthol"
"KXJ18996.1",1.70015664644291,7.8656786956775e-09,"Menthol_Menthol_vs_NoMenthol"
"KXJ19020.1",1.20040759988862,0.0105476802441095,"Menthol_Menthol_vs_NoMenthol"
"KXJ19098.1",-0.578302787907027,0.0280262303535701,"Menthol_Menthol_vs_NoMenthol"
"KXJ19103.1",-0.775618105756794,0.040095925574775,"Menthol_Menthol_vs_NoMenthol"
"KXJ19120.1",1.42139293270155,0.000452874901363812,"Menthol_Menthol_vs_NoMenthol"
"KXJ19131.1",0.769962353692718,0.0166286240833723,"Menthol_Menthol_vs_NoMenthol"
"KXJ19217.1",-0.619953880752884,0.0145834415271578,"Menthol_Menthol_vs_NoMenthol"
"KXJ19224.1",-15.6908479552973,0.000531981941359201,"Menthol_Menthol_vs_NoMenthol"
"KXJ19226.1",-0.883350516103439,0.0106352058039094,"Menthol_Menthol_vs_NoMenthol"
"KXJ19241.1",1.4900248126591,0.0101632282640716,"Menthol_Menthol_vs_NoMenthol"
"KXJ19242.1",0.511755022418824,0.0110304140469403,"Menthol_Menthol_vs_NoMenthol"
"KXJ19246.1",1.3094778692073,0.0485812179002459,"Menthol_Menthol_vs_NoMenthol"
"KXJ19309.1",1.52944212805489,0.0227675161153827,"Menthol_Menthol_vs_NoMenthol"
"KXJ19335.1",0.951029981643139,0.00822641870221609,"Menthol_Menthol_vs_NoMenthol"
"KXJ19339.1",-0.606440799576367,0.0334710891671579,"Menthol_Menthol_vs_NoMenthol"
"KXJ19340.1",0.673643721083238,0.000839353211932215,"Menthol_Menthol_vs_NoMenthol"
"KXJ19371.1",2.09805623870629,0.00252080694026321,"Menthol_Menthol_vs_NoMenthol"
"KXJ19413.1",1.20286948308067,0.0288421474736618,"Menthol_Menthol_vs_NoMenthol"
"KXJ19417.1",1.21266145353683,0.039357325582823,"Menthol_Menthol_vs_NoMenthol"
"KXJ19432.1",-1.50687993278203,0.00108111975005527,"Menthol_Menthol_vs_NoMenthol"
"KXJ19440.1",-0.683825661557369,0.00887808783845868,"Menthol_Menthol_vs_NoMenthol"
"KXJ19476.1",-1.05840267313044,0.00832411937530435,"Menthol_Menthol_vs_NoMenthol"
"KXJ19510.1",0.657231735755039,0.0307987618488898,"Menthol_Menthol_vs_NoMenthol"
"KXJ19536.1",-1.43315322878869,0.0143684193672277,"Menthol_Menthol_vs_NoMenthol"
"KXJ19600.1",0.770035751299061,0.00687905040698043,"Menthol_Menthol_vs_NoMenthol"
"KXJ19632.1",-1.04785285476086,0.0227675161153827,"Menthol_Menthol_vs_NoMenthol"
"KXJ19639.1",5.22360842812119,0.00205215953843765,"Menthol_Menthol_vs_NoMenthol"
"KXJ19645.1",0.631877290847967,0.0107257588611206,"Menthol_Menthol_vs_NoMenthol"
"KXJ19654.1",2.07583324915482,0.000718408797354262,"Menthol_Menthol_vs_NoMenthol"
"KXJ19679.1",-1.0945984362332,0.00269647756911885,"Menthol_Menthol_vs_NoMenthol"
"KXJ19682.1",-0.494481822073857,0.00711600244677218,"Menthol_Menthol_vs_NoMenthol"
"KXJ19683.1",2.10994481272333,0.0211438140123068,"Menthol_Menthol_vs_NoMenthol"
"KXJ19691.1",1.42974940251501,0.040440834681363,"Menthol_Menthol_vs_NoMenthol"
"KXJ19693.1",0.631435235967257,0.0384828946237075,"Menthol_Menthol_vs_NoMenthol"
"KXJ19697.1",0.867382866139447,0.0204691805964121,"Menthol_Menthol_vs_NoMenthol"
"KXJ19709.1",2.17182986248415,0.00298841208480749,"Menthol_Menthol_vs_NoMenthol"
"KXJ19715.1",-0.689790401874007,0.0118946699674281,"Menthol_Menthol_vs_NoMenthol"
"KXJ19720.1",0.900579502868325,0.00835593319167059,"Menthol_Menthol_vs_NoMenthol"
"KXJ19790.1",1.03867937874195,0.0476107678328451,"Menthol_Menthol_vs_NoMenthol"
"KXJ19821.1",-0.616713745945609,0.0329643780159952,"Menthol_Menthol_vs_NoMenthol"
"KXJ19834.1",0.824806172933951,0.0184620357680145,"Menthol_Menthol_vs_NoMenthol"
"KXJ19852.1",-0.488834915765564,0.0423142038790191,"Menthol_Menthol_vs_NoMenthol"
"KXJ19853.1",-1.05543068002043,0.000130131143591809,"Menthol_Menthol_vs_NoMenthol"
"KXJ19858.1",0.488021548233197,0.0429394029306203,"Menthol_Menthol_vs_NoMenthol"
"KXJ19907.1",-1.0223955538292,0.0368933609119229,"Menthol_Menthol_vs_NoMenthol"
"KXJ19964.1",1.90099967385773,0.00811887246393771,"Menthol_Menthol_vs_NoMenthol"
"KXJ19980.1",-1.33472916598737,2.21798908654388e-06,"Menthol_Menthol_vs_NoMenthol"
"KXJ20020.1",1.58962151311152,0.0387654334516931,"Menthol_Menthol_vs_NoMenthol"
"KXJ20022.1",2.03923464314648,0.000621773583526569,"Menthol_Menthol_vs_NoMenthol"
"KXJ20065.1",1.21032304494521,0.000397939304123567,"Menthol_Menthol_vs_NoMenthol"
"KXJ20067.1",-0.851953324464933,0.0105929475588683,"Menthol_Menthol_vs_NoMenthol"
"KXJ20076.1",-0.430675381424677,0.0481421166497668,"Menthol_Menthol_vs_NoMenthol"
"KXJ20080.1",0.830584704417528,0.0356619749506908,"Menthol_Menthol_vs_NoMenthol"
"KXJ20090.1",0.611942296104444,0.0374775671892038,"Menthol_Menthol_vs_NoMenthol"
"KXJ20183.1",-0.562777708537428,0.0353748710092495,"Menthol_Menthol_vs_NoMenthol"
"KXJ20194.1",1.33927204592486,0.00621080904443202,"Menthol_Menthol_vs_NoMenthol"
"KXJ20206.1",1.66263789289147,0.032798729170037,"Menthol_Menthol_vs_NoMenthol"
"KXJ20221.1",1.49475034048917,0.0186564816811366,"Menthol_Menthol_vs_NoMenthol"
"KXJ20234.1",-0.766049278740155,0.0152094539934152,"Menthol_Menthol_vs_NoMenthol"
"KXJ20249.1",-14.0397108628253,0.0126992802666062,"Menthol_Menthol_vs_NoMenthol"
"KXJ20258.1",3.56605288946129,0.0498563669801919,"Menthol_Menthol_vs_NoMenthol"
"KXJ20266.1",0.97260267307362,0.00434326940648214,"Menthol_Menthol_vs_NoMenthol"
"KXJ20269.1",-0.972380962841855,0.00126635118696851,"Menthol_Menthol_vs_NoMenthol"
"KXJ20304.1",-0.509102391967723,0.0306807207136153,"Menthol_Menthol_vs_NoMenthol"
"KXJ20309.1",1.2044052967408,0.0373355934715728,"Menthol_Menthol_vs_NoMenthol"
"KXJ20340.1",-0.589174378691937,0.048079036981673,"Menthol_Menthol_vs_NoMenthol"
"KXJ20365.1",0.757822797481551,0.0011063354434265,"Menthol_Menthol_vs_NoMenthol"
"KXJ20373.1",1.66459432576289,0.00059310072763721,"Menthol_Menthol_vs_NoMenthol"
"KXJ20377.1",-5.45326161912332,0.020477347494807,"Menthol_Menthol_vs_NoMenthol"
"KXJ20398.1",1.06288579484039,0.000666501334453007,"Menthol_Menthol_vs_NoMenthol"
"KXJ20422.1",-0.68488964363714,0.0430598422041331,"Menthol_Menthol_vs_NoMenthol"
"KXJ20440.1",2.38207016464508,0.00269647756911885,"Menthol_Menthol_vs_NoMenthol"
"KXJ20472.1",-3.21666948817029,7.03957937722718e-08,"Menthol_Menthol_vs_NoMenthol"
"KXJ20486.1",2.00830658460644,0.0108979393436512,"Menthol_Menthol_vs_NoMenthol"
"KXJ20494.1",0.677440888047291,0.0185091750227232,"Menthol_Menthol_vs_NoMenthol"
"KXJ20496.1",-0.729483508461269,0.0334667288624328,"Menthol_Menthol_vs_NoMenthol"
"KXJ20520.1",0.782949905589266,0.0366633666018792,"Menthol_Menthol_vs_NoMenthol"
"KXJ20538.1",-1.03230623116608,0.00886856016321551,"Menthol_Menthol_vs_NoMenthol"
"KXJ20556.1",1.54699238770494,0.0307945703741111,"Menthol_Menthol_vs_NoMenthol"
"KXJ20617.1",0.929496811103647,0.0307987618488898,"Menthol_Menthol_vs_NoMenthol"
"KXJ20620.1",4.07422550711539,0.0198861609419744,"Menthol_Menthol_vs_NoMenthol"
"KXJ20666.1",-1.09803877582471,0.00944461182351494,"Menthol_Menthol_vs_NoMenthol"
"KXJ20717.1",-4.53985505363537,1.96098722189005e-14,"Menthol_Menthol_vs_NoMenthol"
"KXJ20746.1",3.48286205964951,0.0346253516570676,"Menthol_Menthol_vs_NoMenthol"
"KXJ20807.1",-2.76442052089736,0.000124616449041718,"Menthol_Menthol_vs_NoMenthol"
"KXJ20808.1",-1.18963423290623,0.00814663270097933,"Menthol_Menthol_vs_NoMenthol"
"KXJ20827.1",0.990649564011386,0.00175047875475514,"Menthol_Menthol_vs_NoMenthol"
"KXJ20828.1",1.30057485351331,0.00835593319167059,"Menthol_Menthol_vs_NoMenthol"
"KXJ20829.1",1.30510370780788,0.000159912927399352,"Menthol_Menthol_vs_NoMenthol"
"KXJ20838.1",-1.09985426908435,0.0144221123809731,"Menthol_Menthol_vs_NoMenthol"
"KXJ20839.1",-2.12836751326834,8.79680744565288e-05,"Menthol_Menthol_vs_NoMenthol"
"KXJ20865.1",1.17515435575584,0.00197836686841362,"Menthol_Menthol_vs_NoMenthol"
"KXJ20871.1",1.09303099839726,0.0143783705444555,"Menthol_Menthol_vs_NoMenthol"
"KXJ20894.1",1.42769081651522,0.0483448985481285,"Menthol_Menthol_vs_NoMenthol"
"KXJ20942.1",1.46222427631132,0.0470300996128944,"Menthol_Menthol_vs_NoMenthol"
"KXJ20947.1",-1.45463195430366,0.00101046688581556,"Menthol_Menthol_vs_NoMenthol"
"KXJ20999.1",0.401262216345,0.00386979626360973,"Menthol_Menthol_vs_NoMenthol"
"KXJ21047.1",-0.729057014350536,0.0305113713886661,"Menthol_Menthol_vs_NoMenthol"
"KXJ21059.1",2.84086008623788,0.0393550894416918,"Menthol_Menthol_vs_NoMenthol"
"KXJ21080.1",1.02448766936389,0.0178064675938608,"Menthol_Menthol_vs_NoMenthol"
"KXJ21096.1",1.02866439620826,0.0196299369143474,"Menthol_Menthol_vs_NoMenthol"
"KXJ21114.1",1.03436450137143,0.0094754792914655,"Menthol_Menthol_vs_NoMenthol"
"KXJ21122.1",-0.606477447009757,0.0432398552616719,"Menthol_Menthol_vs_NoMenthol"
"KXJ21134.1",1.52490812531683,0.0116517173796156,"Menthol_Menthol_vs_NoMenthol"
"KXJ21136.1",-2.42950646211312,0.00116611285792313,"Menthol_Menthol_vs_NoMenthol"
"KXJ21148.1",2.21661293459092,0.0354080235763567,"Menthol_Menthol_vs_NoMenthol"
"KXJ21157.1",-0.541710463476699,0.000512509199409631,"Menthol_Menthol_vs_NoMenthol"
"KXJ21162.1",-0.970155738663529,0.00889268538549982,"Menthol_Menthol_vs_NoMenthol"
"KXJ21164.1",-0.409874222740676,0.0344678106012716,"Menthol_Menthol_vs_NoMenthol"
"KXJ21193.1",1.24113236834225,0.0347906762006476,"Menthol_Menthol_vs_NoMenthol"
"KXJ21200.1",-0.997158042137051,0.0410728203506791,"Menthol_Menthol_vs_NoMenthol"
"KXJ21201.1",-1.45865541403362,0.00514545534357683,"Menthol_Menthol_vs_NoMenthol"
"KXJ21220.1",2.41964215026182,0.0414413444074852,"Menthol_Menthol_vs_NoMenthol"
"KXJ21234.1",-0.620713466156643,0.0356619749506908,"Menthol_Menthol_vs_NoMenthol"
"KXJ21245.1",0.655295418318587,0.00657932053881706,"Menthol_Menthol_vs_NoMenthol"
"KXJ21259.1",-0.888110009370869,0.0282411676631499,"Menthol_Menthol_vs_NoMenthol"
"KXJ21265.1",0.524272532896297,0.00966625650544533,"Menthol_Menthol_vs_NoMenthol"
"KXJ21276.1",-1.17040555203325,0.00589563517796149,"Menthol_Menthol_vs_NoMenthol"
"KXJ21284.1",-0.544360256346625,0.0469108536221778,"Menthol_Menthol_vs_NoMenthol"
"KXJ21318.1",-0.832582233547696,0.0022176305074454,"Menthol_Menthol_vs_NoMenthol"
"KXJ21366.1",-0.981704636242362,0.00043736612416638,"Menthol_Menthol_vs_NoMenthol"
"KXJ21367.1",0.71859939373197,0.0319530023032273,"Menthol_Menthol_vs_NoMenthol"
"KXJ21392.1",1.83350154331925,0.0254035202783948,"Menthol_Menthol_vs_NoMenthol"
"KXJ21433.1",1.46040580061435,0.0384268248843183,"Menthol_Menthol_vs_NoMenthol"
"KXJ21447.1",1.52099580197005,0.0170562745697337,"Menthol_Menthol_vs_NoMenthol"
"KXJ21467.1",1.1563483179615,0.0342029101385587,"Menthol_Menthol_vs_NoMenthol"
"KXJ21498.1",-2.4633641876963,1.64517095482339e-05,"Menthol_Menthol_vs_NoMenthol"
"KXJ21505.1",0.969048949520713,0.0238910376450521,"Menthol_Menthol_vs_NoMenthol"
"KXJ21516.1",-0.515835833100826,0.00311748056687223,"Menthol_Menthol_vs_NoMenthol"
"KXJ21542.1",-0.660595199291441,0.0144676936801705,"Menthol_Menthol_vs_NoMenthol"
"KXJ21583.1",0.727696823726365,0.00341652359994225,"Menthol_Menthol_vs_NoMenthol"
"KXJ21617.1",1.00001123640148,0.00784043029325918,"Menthol_Menthol_vs_NoMenthol"
"KXJ21628.1",1.10268936051709,0.0259440005238413,"Menthol_Menthol_vs_NoMenthol"
"KXJ21671.1",-0.784844861439283,0.0320266181995864,"Menthol_Menthol_vs_NoMenthol"
"KXJ21672.1",-0.564473237495067,0.0306936351582536,"Menthol_Menthol_vs_NoMenthol"
"KXJ21685.1",1.07439764970045,0.00481535222233002,"Menthol_Menthol_vs_NoMenthol"
"KXJ21708.1",-0.411084082142547,0.0168424366728656,"Menthol_Menthol_vs_NoMenthol"
"KXJ21713.1",-0.532199561141858,0.00328641099043738,"Menthol_Menthol_vs_NoMenthol"
"KXJ21718.1",-0.513618228967971,0.0450164087965033,"Menthol_Menthol_vs_NoMenthol"
"KXJ21731.1",0.973969743391176,0.0103452231419378,"Menthol_Menthol_vs_NoMenthol"
"KXJ21732.1",1.80617267843891,0.02467498178682,"Menthol_Menthol_vs_NoMenthol"
"KXJ21765.1",-0.731580909140132,0.0162387669623362,"Menthol_Menthol_vs_NoMenthol"
"KXJ21789.1",-0.585169214212631,0.00203000645971122,"Menthol_Menthol_vs_NoMenthol"
"KXJ21847.1",-0.858642473508742,0.000144196362030994,"Menthol_Menthol_vs_NoMenthol"
"KXJ21851.1",-1.5903806508564,0.0122673376501149,"Menthol_Menthol_vs_NoMenthol"
"KXJ21877.1",-1.28038287246396,0.00278153927552524,"Menthol_Menthol_vs_NoMenthol"
"KXJ21913.1",-1.03551308715097,0.0382132635614513,"Menthol_Menthol_vs_NoMenthol"
"KXJ21922.1",0.821051491182551,0.048079036981673,"Menthol_Menthol_vs_NoMenthol"
"KXJ21953.1",-0.571707514358061,0.043028863332906,"Menthol_Menthol_vs_NoMenthol"
"KXJ21989.1",1.92114553290109,0.00756800318128617,"Menthol_Menthol_vs_NoMenthol"
"KXJ21994.1",1.84754623486363,0.0330981860078889,"Menthol_Menthol_vs_NoMenthol"
"KXJ22011.1",-0.862883194659729,0.000431559135170043,"Menthol_Menthol_vs_NoMenthol"
"KXJ22020.1",0.78405369807967,0.00881089421617736,"Menthol_Menthol_vs_NoMenthol"
"KXJ22075.1",1.97035276638519,0.00692005578568149,"Menthol_Menthol_vs_NoMenthol"
"KXJ22088.1",1.04998565659697,5.91098803820154e-05,"Menthol_Menthol_vs_NoMenthol"
"KXJ22135.1",2.07125445525926,0.00944461182351494,"Menthol_Menthol_vs_NoMenthol"
"KXJ22150.1",-0.570949507797048,0.0163728941355828,"Menthol_Menthol_vs_NoMenthol"
"KXJ22175.1",3.55533301475629,0.0244234149686349,"Menthol_Menthol_vs_NoMenthol"
"KXJ22176.1",0.561318073828624,0.0292827759305456,"Menthol_Menthol_vs_NoMenthol"
"KXJ22228.1",-0.547700750747658,0.0317577437694441,"Menthol_Menthol_vs_NoMenthol"
"KXJ22264.1",1.19845619228964,0.000285813222193734,"Menthol_Menthol_vs_NoMenthol"
"KXJ22285.1",-1.65704100629073,0.0118946699674281,"Menthol_Menthol_vs_NoMenthol"
"KXJ22298.1",-0.706271235589291,0.0270048035043055,"Menthol_Menthol_vs_NoMenthol"
"KXJ22334.1",-0.776936971424701,0.0410919562803898,"Menthol_Menthol_vs_NoMenthol"
"KXJ22372.1",-0.616638824927216,0.00547068897927504,"Menthol_Menthol_vs_NoMenthol"
"KXJ22423.1",0.61391295911118,0.00764771999684189,"Menthol_Menthol_vs_NoMenthol"
"KXJ22470.1",1.57651045329806,0.0262131949710266,"Menthol_Menthol_vs_NoMenthol"
"KXJ22504.1",1.00622675037025,0.00764771999684189,"Menthol_Menthol_vs_NoMenthol"
"KXJ22511.1",-0.746506131962502,0.035652064597141,"Menthol_Menthol_vs_NoMenthol"
"KXJ22528.1",-0.714399324176168,0.0166234707681237,"Menthol_Menthol_vs_NoMenthol"
"KXJ22539.1",-3.42035439830902,0.000159912927399352,"Menthol_Menthol_vs_NoMenthol"
"KXJ22546.1",-0.598336459663772,0.0407549317973841,"Menthol_Menthol_vs_NoMenthol"
"KXJ22566.1",1.68394982254611,0.00971076263888036,"Menthol_Menthol_vs_NoMenthol"
"KXJ22574.1",1.31282990099814,0.0405537620755177,"Menthol_Menthol_vs_NoMenthol"
"KXJ22596.1",-0.650582497448359,0.032932555667367,"Menthol_Menthol_vs_NoMenthol"
"KXJ22633.1",1.43290801355835,0.0214278753406274,"Menthol_Menthol_vs_NoMenthol"
"KXJ22682.1",-0.631599104175895,0.0153765717380032,"Menthol_Menthol_vs_NoMenthol"
"KXJ22703.1",1.34042917035829,0.0198861609419744,"Menthol_Menthol_vs_NoMenthol"
"KXJ22717.1",2.00999976526814,0.0107165313477939,"Menthol_Menthol_vs_NoMenthol"
"KXJ22724.1",1.1637373517351,0.0144676936801705,"Menthol_Menthol_vs_NoMenthol"
"KXJ22728.1",1.64181923787256,0.0215116462625878,"Menthol_Menthol_vs_NoMenthol"
"KXJ22734.1",-0.609058327712703,0.0349726209899696,"Menthol_Menthol_vs_NoMenthol"
"KXJ22762.1",-0.920532018739283,0.0183713169938956,"Menthol_Menthol_vs_NoMenthol"
"KXJ22785.1",-1.58727243395744,0.00281974040922849,"Menthol_Menthol_vs_NoMenthol"
"KXJ22833.1",-0.894367109569134,0.00555284846692607,"Menthol_Menthol_vs_NoMenthol"
"KXJ22840.1",-1.0147041603542,0.0196067102684246,"Menthol_Menthol_vs_NoMenthol"
"KXJ22859.1",-0.470962034734783,0.0138497863958053,"Menthol_Menthol_vs_NoMenthol"
"KXJ22860.1",0.75285967588404,0.0288245423367262,"Menthol_Menthol_vs_NoMenthol"
"KXJ22932.1",-1.38779737759913,6.66624283044772e-08,"Menthol_Menthol_vs_NoMenthol"
"KXJ22950.1",1.98519013586143,0.0179085604104586,"Menthol_Menthol_vs_NoMenthol"
"KXJ22977.1",-0.553708889275235,0.0413216334740904,"Menthol_Menthol_vs_NoMenthol"
"KXJ22988.1",0.835106775923769,0.0414413444074852,"Menthol_Menthol_vs_NoMenthol"
"KXJ23036.1",1.81660858295753,1.62723758515936e-05,"Menthol_Menthol_vs_NoMenthol"
"KXJ23059.1",-0.914933001331734,0.00430829510403012,"Menthol_Menthol_vs_NoMenthol"
"KXJ23060.1",-0.519082754662741,0.0253048332190589,"Menthol_Menthol_vs_NoMenthol"
"KXJ23075.1",1.61634984277053,0.0374623206414833,"Menthol_Menthol_vs_NoMenthol"
"KXJ23113.1",-0.515729202752494,0.00944461182351494,"Menthol_Menthol_vs_NoMenthol"
"KXJ23120.1",0.674003408946047,0.00410581939287961,"Menthol_Menthol_vs_NoMenthol"
"KXJ23144.1",-0.565099611914577,0.0414413444074852,"Menthol_Menthol_vs_NoMenthol"
"KXJ23158.1",0.405024868887892,0.0196067102684246,"Menthol_Menthol_vs_NoMenthol"
"KXJ23182.1",0.953482418742299,6.60571846405199e-05,"Menthol_Menthol_vs_NoMenthol"
"KXJ23187.1",1.031229175326,0.00327164542784289,"Menthol_Menthol_vs_NoMenthol"
"KXJ23190.1",-0.869719033142989,0.000693147277403529,"Menthol_Menthol_vs_NoMenthol"
"KXJ23202.1",-4.34872832179096,0.000142852675583036,"Menthol_Menthol_vs_NoMenthol"
"KXJ23221.1",-5.97524096574663,3.12915223089322e-14,"Menthol_Menthol_vs_NoMenthol"
"KXJ23233.1",0.613278831083257,0.0353507511078634,"Menthol_Menthol_vs_NoMenthol"
"KXJ23235.1",-2.75501529499099,0.00023055041265818,"Menthol_Menthol_vs_NoMenthol"
"KXJ23257.1",-0.464975529464951,0.00410581939287961,"Menthol_Menthol_vs_NoMenthol"
"KXJ23280.1",-0.664017968248917,0.00589118858471889,"Menthol_Menthol_vs_NoMenthol"
"KXJ23290.1",-0.723582845269214,0.0272502865658548,"Menthol_Menthol_vs_NoMenthol"
"KXJ23295.1",1.06639078656679,0.0359396019408546,"Menthol_Menthol_vs_NoMenthol"
"KXJ23309.1",-1.33425090521059,0.00203000645971122,"Menthol_Menthol_vs_NoMenthol"
"KXJ23342.1",1.16378126048092,0.0138816781914537,"Menthol_Menthol_vs_NoMenthol"
"KXJ23351.1",0.629592369042961,0.026238836117211,"Menthol_Menthol_vs_NoMenthol"
"KXJ23423.1",0.985143412162868,0.0270048035043055,"Menthol_Menthol_vs_NoMenthol"
"KXJ23431.1",-2.77647534211926,0.00213143738784854,"Menthol_Menthol_vs_NoMenthol"
"KXJ23499.1",1.84461439977552,0.00229475988362352,"Menthol_Menthol_vs_NoMenthol"
"KXJ23552.1",-1.11622045413173,0.00230738518440562,"Menthol_Menthol_vs_NoMenthol"
"KXJ23633.1",-0.605734708028866,0.00631231152911645,"Menthol_Menthol_vs_NoMenthol"
"KXJ23635.1",0.688056169851002,0.000140975684862551,"Menthol_Menthol_vs_NoMenthol"
"KXJ23656.1",-2.06715774219121,0.0196332888046755,"Menthol_Menthol_vs_NoMenthol"
"KXJ23661.1",-0.621723630246692,0.0381296844778266,"Menthol_Menthol_vs_NoMenthol"
"KXJ23670.1",-1.00852769974382,0.0349726209899696,"Menthol_Menthol_vs_NoMenthol"
"KXJ23674.1",-0.663845778071735,0.00565667023599185,"Menthol_Menthol_vs_NoMenthol"
"KXJ23691.1",1.06379067728694,0.0094754792914655,"Menthol_Menthol_vs_NoMenthol"
"KXJ23711.1",1.66686499839532,0.0434487063544691,"Menthol_Menthol_vs_NoMenthol"
"KXJ23727.1",-0.596117023859672,0.0170562745697337,"Menthol_Menthol_vs_NoMenthol"
"KXJ23779.1",-0.682561037319492,0.0398903141682794,"Menthol_Menthol_vs_NoMenthol"
"KXJ23806.1",-0.671325755789113,0.0252129591878662,"Menthol_Menthol_vs_NoMenthol"
"KXJ23811.1",2.01449795022044,0.0254212736839107,"Menthol_Menthol_vs_NoMenthol"
"KXJ23824.1",-0.744523624223318,0.0196067102684246,"Menthol_Menthol_vs_NoMenthol"
"KXJ23862.1",-0.323465245700467,0.00910729405775341,"Menthol_Menthol_vs_NoMenthol"
"KXJ23947.1",-0.993838403405257,0.0113316788448211,"Menthol_Menthol_vs_NoMenthol"
"KXJ23960.1",1.16778535432018,0.00811887246393771,"Menthol_Menthol_vs_NoMenthol"
"KXJ23965.1",-0.785408489112663,0.0403667114116983,"Menthol_Menthol_vs_NoMenthol"
"KXJ23970.1",0.562119042246377,0.0484139266889247,"Menthol_Menthol_vs_NoMenthol"
"KXJ23975.1",1.11608078792143,0.0214177141135572,"Menthol_Menthol_vs_NoMenthol"
"KXJ24112.1",1.40167635755204,0.0472315831706769,"Menthol_Menthol_vs_NoMenthol"
"KXJ24153.1",0.394958101527943,0.0396826007116991,"Menthol_Menthol_vs_NoMenthol"
"KXJ24161.1",0.894042892423684,0.0170562745697337,"Menthol_Menthol_vs_NoMenthol"
"KXJ24231.1",0.798074836047062,0.0176071735731374,"Menthol_Menthol_vs_NoMenthol"
"KXJ24233.1",-0.748190611228619,0.00675593844979205,"Menthol_Menthol_vs_NoMenthol"
"KXJ24262.1",2.19018023815063,0.0384828946237075,"Menthol_Menthol_vs_NoMenthol"
"KXJ24275.1",-15.1176198419669,0.00230738518440562,"Menthol_Menthol_vs_NoMenthol"
"KXJ24284.1",1.53067382888664,0.0469108536221778,"Menthol_Menthol_vs_NoMenthol"
"KXJ24364.1",1.23348631235038,0.0340606207431311,"Menthol_Menthol_vs_NoMenthol"
"KXJ24375.1",1.06208490954867,0.0361200163515605,"Menthol_Menthol_vs_NoMenthol"
"KXJ24419.1",-0.722680768357541,0.0213609185788261,"Menthol_Menthol_vs_NoMenthol"
"KXJ24429.1",-1.11305052694994,0.0394858038802352,"Menthol_Menthol_vs_NoMenthol"
"KXJ24453.1",-0.853266571251489,0.0150603510265402,"Menthol_Menthol_vs_NoMenthol"
"KXJ24459.1",-2.06125471429829,0.0204014509052815,"Menthol_Menthol_vs_NoMenthol"
"KXJ24496.1",1.83889327853397,0.00228971933706544,"Menthol_Menthol_vs_NoMenthol"
"KXJ24516.1",2.48112115299921,0.000621018466097989,"Menthol_Menthol_vs_NoMenthol"
"KXJ24518.1",1.12785078182442,0.0186665771164447,"Menthol_Menthol_vs_NoMenthol"
"KXJ24529.1",0.927276706187269,0.0429349208516399,"Menthol_Menthol_vs_NoMenthol"
"KXJ24531.1",1.9770912346311,0.00661672032441154,"Menthol_Menthol_vs_NoMenthol"
"KXJ24536.1",0.958314573584803,0.0103452231419378,"Menthol_Menthol_vs_NoMenthol"
"KXJ24537.1",1.7774752776628,0.0415113618008792,"Menthol_Menthol_vs_NoMenthol"
"KXJ24558.1",1.39670732799626,0.0101945171374574,"Menthol_Menthol_vs_NoMenthol"
"KXJ24566.1",2.17897988138773,0.00666186773553228,"Menthol_Menthol_vs_NoMenthol"
"KXJ24581.1",1.79105499923054,0.0123177991152778,"Menthol_Menthol_vs_NoMenthol"
"KXJ24598.1",-0.584088144347777,0.0125223214933207,"Menthol_Menthol_vs_NoMenthol"
"KXJ24613.1",-0.355222164537103,0.00210435820225865,"Menthol_Menthol_vs_NoMenthol"
"KXJ24670.1",1.54360755054676,0.04508193472324,"Menthol_Menthol_vs_NoMenthol"
"KXJ24671.1",1.1260255386691,0.000531981941359201,"Menthol_Menthol_vs_NoMenthol"
"KXJ24688.1",1.84632495368251,0.0195181186447031,"Menthol_Menthol_vs_NoMenthol"
"KXJ24720.1",-0.91192913255144,4.911014468324e-05,"Menthol_Menthol_vs_NoMenthol"
"KXJ24721.1",-1.3292977265514,0.0270048035043055,"Menthol_Menthol_vs_NoMenthol"
"KXJ24723.1",-0.760510942905989,0.00535178796854021,"Menthol_Menthol_vs_NoMenthol"
"KXJ24746.1",-0.717410855992557,0.0432398552616719,"Menthol_Menthol_vs_NoMenthol"
"KXJ24779.1",-1.35420341076753,0.000207384613305567,"Menthol_Menthol_vs_NoMenthol"
"KXJ24781.1",-0.614948154669772,0.0393512428187515,"Menthol_Menthol_vs_NoMenthol"
"KXJ24790.1",-1.06977974511669,0.000430506568660963,"Menthol_Menthol_vs_NoMenthol"
"KXJ24801.1",0.837042853048123,0.0234049657408204,"Menthol_Menthol_vs_NoMenthol"
"KXJ24811.1",2.44251850627185,0.0374775671892038,"Menthol_Menthol_vs_NoMenthol"
"KXJ24827.1",-0.98274397945371,0.000414476481467073,"Menthol_Menthol_vs_NoMenthol"
"KXJ24885.1",1.69251470150909,0.0153765717380032,"Menthol_Menthol_vs_NoMenthol"
"KXJ24908.1",1.77023084947787,0.0016617410528948,"Menthol_Menthol_vs_NoMenthol"
"KXJ24909.1",-0.501087146648359,0.0438189109230486,"Menthol_Menthol_vs_NoMenthol"
"KXJ24917.1",-0.619139799362686,0.0198900714604841,"Menthol_Menthol_vs_NoMenthol"
"KXJ24941.1",-0.39684538733978,0.00565667023599185,"Menthol_Menthol_vs_NoMenthol"
"KXJ24942.1",-0.734684074756995,0.000459205123145573,"Menthol_Menthol_vs_NoMenthol"
"KXJ24944.1",-1.51162786796337,0.00023055041265818,"Menthol_Menthol_vs_NoMenthol"
"KXJ24962.1",-0.4432003776667,0.0494466757859303,"Menthol_Menthol_vs_NoMenthol"
"KXJ24966.1",-0.553234228068594,0.0290698227381879,"Menthol_Menthol_vs_NoMenthol"
"KXJ24978.1",1.42512413375671,0.0405537620755177,"Menthol_Menthol_vs_NoMenthol"
"KXJ24983.1",-0.537722145710943,0.00741380722079791,"Menthol_Menthol_vs_NoMenthol"
"KXJ25008.1",1.12891235060466,0.024862030981224,"Menthol_Menthol_vs_NoMenthol"
"KXJ25010.1",1.39501521642403,0.0108979393436512,"Menthol_Menthol_vs_NoMenthol"
"KXJ25048.1",2.15015751477573,0.00200290380168567,"Menthol_Menthol_vs_NoMenthol"
"KXJ25058.1",-0.601706415882681,0.0381227994115092,"Menthol_Menthol_vs_NoMenthol"
"KXJ25068.1",-0.652284463560143,0.00483380070657555,"Menthol_Menthol_vs_NoMenthol"
"KXJ25086.1",1.76786308071867,0.00311910873800225,"Menthol_Menthol_vs_NoMenthol"
"KXJ25096.1",2.00293925057318,0.00731199520359973,"Menthol_Menthol_vs_NoMenthol"
"KXJ25097.1",1.55965632536175,0.00711600244677218,"Menthol_Menthol_vs_NoMenthol"
"KXJ25121.1",-0.820028864601863,0.040095925574775,"Menthol_Menthol_vs_NoMenthol"
"KXJ25134.1",-7.66084443174308,2.86622293612363e-20,"Menthol_Menthol_vs_NoMenthol"
"KXJ25141.1",-4.36540901520193,3.91842167028024e-06,"Menthol_Menthol_vs_NoMenthol"
"KXJ25217.1",-0.789109443485305,0.0276943146264706,"Menthol_Menthol_vs_NoMenthol"
"KXJ25258.1",1.50343697576584,0.000287819761621202,"Menthol_Menthol_vs_NoMenthol"
"KXJ25272.1",1.01661313059393,0.00655164465245407,"Menthol_Menthol_vs_NoMenthol"
"KXJ25313.1",-1.00616616766764,0.000431559135170043,"Menthol_Menthol_vs_NoMenthol"
"KXJ25353.1",-0.604912276763946,0.0174749454141995,"Menthol_Menthol_vs_NoMenthol"
"KXJ25354.1",1.7495858561931,0.044810729445859,"Menthol_Menthol_vs_NoMenthol"
"KXJ25382.1",-1.81393862488887,0.0364046356357845,"Menthol_Menthol_vs_NoMenthol"
"KXJ25397.1",-0.468217230763111,0.0255903892897429,"Menthol_Menthol_vs_NoMenthol"
"KXJ25401.1",1.61101995299729,0.0158954548905181,"Menthol_Menthol_vs_NoMenthol"
"KXJ25407.1",1.12157323657309,0.0154249342763156,"Menthol_Menthol_vs_NoMenthol"
"KXJ25415.1",1.63777980930555,0.00137742737909237,"Menthol_Menthol_vs_NoMenthol"
"KXJ25460.1",-1.11902516918889,0.0241047659825733,"Menthol_Menthol_vs_NoMenthol"
"KXJ25462.1",-1.81962862064429,0.000104923379444258,"Menthol_Menthol_vs_NoMenthol"
"KXJ25510.1",-0.660891640746023,0.0499661963330402,"Menthol_Menthol_vs_NoMenthol"
"KXJ25518.1",1.05692822572032,0.010591800752415,"Menthol_Menthol_vs_NoMenthol"
"KXJ25528.1",-0.669080722949154,0.0334903792364831,"Menthol_Menthol_vs_NoMenthol"
"KXJ25586.1",1.34002011698651,0.000311316683149334,"Menthol_Menthol_vs_NoMenthol"
"KXJ25607.1",-1.40217781604618,0.0366633666018792,"Menthol_Menthol_vs_NoMenthol"
"KXJ25711.1",-0.979936353023755,0.0076148774844365,"Menthol_Menthol_vs_NoMenthol"
"KXJ25723.1",1.1947713782553,0.0214177141135572,"Menthol_Menthol_vs_NoMenthol"
"KXJ25752.1",0.568030664553348,0.0346435849309672,"Menthol_Menthol_vs_NoMenthol"
"KXJ25777.1",1.0378406531739,0.00023055041265818,"Menthol_Menthol_vs_NoMenthol"
"KXJ25785.1",-1.03757831510039,0.0121637450784169,"Menthol_Menthol_vs_NoMenthol"
"KXJ25790.1",0.574189114880546,0.0132682128661946,"Menthol_Menthol_vs_NoMenthol"
"KXJ25801.1",2.169862254569,0.0374775671892038,"Menthol_Menthol_vs_NoMenthol"
"KXJ25808.1",-2.44700904367198,0.000452874901363812,"Menthol_Menthol_vs_NoMenthol"
"KXJ25827.1",-0.890586679413382,0.00263061042508235,"Menthol_Menthol_vs_NoMenthol"
"KXJ25851.1",1.94684713358797,0.00327164542784289,"Menthol_Menthol_vs_NoMenthol"
"KXJ25878.1",-0.541291930622292,0.00294607713505432,"Menthol_Menthol_vs_NoMenthol"
"KXJ25898.1",-1.83821652145192,4.47969383517323e-11,"Menthol_Menthol_vs_NoMenthol"
"KXJ25904.1",-8.35041635216186,0.0240347497317117,"Menthol_Menthol_vs_NoMenthol"
"KXJ25911.1",-0.957967545069189,0.00545652451306027,"Menthol_Menthol_vs_NoMenthol"
"KXJ25935.1",0.553790644520829,0.00264503553966736,"Menthol_Menthol_vs_NoMenthol"
"KXJ25936.1",-20.5827070379271,0.000128921858402651,"Menthol_Menthol_vs_NoMenthol"
"KXJ25937.1",1.52348071320686,0.0240347497317117,"Menthol_Menthol_vs_NoMenthol"
"KXJ25954.1",-0.892605680785967,0.0406422210332915,"Menthol_Menthol_vs_NoMenthol"
"KXJ25978.1",-0.918467172492797,0.00915165637842633,"Menthol_Menthol_vs_NoMenthol"
"KXJ26002.1",1.43284057123859,0.000397939304123567,"Menthol_Menthol_vs_NoMenthol"
"KXJ26054.1",-0.763074795730228,0.0268984541399824,"Menthol_Menthol_vs_NoMenthol"
"KXJ26061.1",-1.17093915492335,0.0151429682025337,"Menthol_Menthol_vs_NoMenthol"
"KXJ26084.1",1.22069883496191,0.00657253470174068,"Menthol_Menthol_vs_NoMenthol"
"KXJ26105.1",0.969513909386736,0.0232996846739661,"Menthol_Menthol_vs_NoMenthol"
"KXJ26116.1",-0.82806247556962,0.048079036981673,"Menthol_Menthol_vs_NoMenthol"
"KXJ26153.1",1.16109485044111,0.0415353562948848,"Menthol_Menthol_vs_NoMenthol"
"KXJ26158.1",0.73959459866942,0.0374775671892038,"Menthol_Menthol_vs_NoMenthol"
"KXJ26213.1",-0.684469875199488,0.0178064675938608,"Menthol_Menthol_vs_NoMenthol"
"KXJ26229.1",-0.541355181474336,0.0301979570654444,"Menthol_Menthol_vs_NoMenthol"
"KXJ26269.1",1.61443549157081,0.00741380722079791,"Menthol_Menthol_vs_NoMenthol"
"KXJ26276.1",0.546174604865711,0.0330981860078889,"Menthol_Menthol_vs_NoMenthol"
"KXJ26286.1",1.14429737784444,0.031978754321358,"Menthol_Menthol_vs_NoMenthol"
"KXJ26300.1",1.01820102628009,6.81071641123547e-05,"Menthol_Menthol_vs_NoMenthol"
"KXJ26312.1",-0.757338767725654,0.00122898301676251,"Menthol_Menthol_vs_NoMenthol"
"KXJ26320.1",1.46763678965701,0.0174709569824926,"Menthol_Menthol_vs_NoMenthol"
"KXJ26336.1",2.02760884472222,3.38258431731851e-05,"Menthol_Menthol_vs_NoMenthol"
"KXJ26351.1",-1.10818585369673,0.000396072189833799,"Menthol_Menthol_vs_NoMenthol"
"KXJ26362.1",0.761028574588012,0.0214301482470155,"Menthol_Menthol_vs_NoMenthol"
"KXJ26364.1",1.43539633433608,0.0421211360091786,"Menthol_Menthol_vs_NoMenthol"
"KXJ26381.1",-0.810810799677344,0.00374211593712417,"Menthol_Menthol_vs_NoMenthol"
"KXJ26436.1",1.12191610702957,0.0429349208516399,"Menthol_Menthol_vs_NoMenthol"
"KXJ26467.1",1.41487014320099,0.00490311749958146,"Menthol_Menthol_vs_NoMenthol"
"KXJ26481.1",2.22393532398771,0.00589118858471889,"Menthol_Menthol_vs_NoMenthol"
"KXJ26490.1",-0.717588200833036,0.0451586659234866,"Menthol_Menthol_vs_NoMenthol"
"KXJ26504.1",0.812963004205536,6.40573045403518e-05,"Menthol_Menthol_vs_NoMenthol"
"KXJ26520.1",-0.684141418180806,0.00110662675325134,"Menthol_Menthol_vs_NoMenthol"
"KXJ26521.1",1.72005912209397,0.0254197951134122,"Menthol_Menthol_vs_NoMenthol"
"KXJ26522.1",1.10228319550564,0.0165249605731758,"Menthol_Menthol_vs_NoMenthol"
"KXJ26531.1",-0.672644634472112,0.0187187470461677,"Menthol_Menthol_vs_NoMenthol"
"KXJ26532.1",-0.50118949313803,0.0415283410641479,"Menthol_Menthol_vs_NoMenthol"
"KXJ26579.1",0.608847870574289,0.0119195355133499,"Menthol_Menthol_vs_NoMenthol"
"KXJ26581.1",2.2673104891809,0.000271761057803866,"Menthol_Menthol_vs_NoMenthol"
"KXJ26585.1",0.932880572091429,0.0123499055860919,"Menthol_Menthol_vs_NoMenthol"
"KXJ26589.1",0.761501735594166,0.0282789273603187,"Menthol_Menthol_vs_NoMenthol"
"KXJ26618.1",1.75321138640761,0.0170562745697337,"Menthol_Menthol_vs_NoMenthol"
"KXJ26621.1",-1.20611667352111,6.62406871770996e-07,"Menthol_Menthol_vs_NoMenthol"
"KXJ26628.1",-1.30133330160479,0.024862030981224,"Menthol_Menthol_vs_NoMenthol"
"KXJ26629.1",1.65073927666229,0.0431419069264282,"Menthol_Menthol_vs_NoMenthol"
"KXJ26656.1",-0.373992792334592,0.0349726209899696,"Menthol_Menthol_vs_NoMenthol"
"KXJ26667.1",-1.03266204049557,0.00224096968606148,"Menthol_Menthol_vs_NoMenthol"
"KXJ26671.1",-1.30784576696661,0.000130131143591809,"Menthol_Menthol_vs_NoMenthol"
"KXJ26681.1",-0.819660050916845,0.00666186773553228,"Menthol_Menthol_vs_NoMenthol"
"KXJ26714.1",-0.806541805213125,0.0186564816811366,"Menthol_Menthol_vs_NoMenthol"
"KXJ26720.1",0.657405533141239,0.0499661963330402,"Menthol_Menthol_vs_NoMenthol"
"KXJ26739.1",1.59132158545125,0.0364046356357845,"Menthol_Menthol_vs_NoMenthol"
"KXJ26752.1",1.93863321787634,0.00260285418938648,"Menthol_Menthol_vs_NoMenthol"
"KXJ26767.1",-0.72166258173474,0.0368933609119229,"Menthol_Menthol_vs_NoMenthol"
"KXJ26799.1",1.30241721257258,0.0227675161153827,"Menthol_Menthol_vs_NoMenthol"
"KXJ26843.1",-1.20373484078675,0.0103930064500289,"Menthol_Menthol_vs_NoMenthol"
"KXJ26954.1",-1.02157082619992,0.0378074062075345,"Menthol_Menthol_vs_NoMenthol"
"KXJ26963.1",-0.792351964234147,0.0306536670605129,"Menthol_Menthol_vs_NoMenthol"
"KXJ27007.1",-2.21364470790049,0.0490707217322278,"Menthol_Menthol_vs_NoMenthol"
"KXJ27025.1",-2.4156162248524,5.72705947671006e-08,"Menthol_Menthol_vs_NoMenthol"
"KXJ27046.1",-1.29372537144123,0.00172000500793871,"Menthol_Menthol_vs_NoMenthol"
"KXJ27068.1",1.18902930624181,0.0353395289977713,"Menthol_Menthol_vs_NoMenthol"
"KXJ27082.1",-0.719242807250184,2.01247654587554e-05,"Menthol_Menthol_vs_NoMenthol"
"KXJ27110.1",0.789899812282508,0.040756226005317,"Menthol_Menthol_vs_NoMenthol"
"KXJ27151.1",-0.871883538667862,0.00514931188564244,"Menthol_Menthol_vs_NoMenthol"
"KXJ27196.1",1.75185938556211,0.000703837276904526,"Menthol_Menthol_vs_NoMenthol"
"KXJ27232.1",-0.614541507688724,0.0227675161153827,"Menthol_Menthol_vs_NoMenthol"
"KXJ27259.1",-1.5633300583621,0.032932555667367,"Menthol_Menthol_vs_NoMenthol"
"KXJ27272.1",-0.670921174670081,0.0214278753406274,"Menthol_Menthol_vs_NoMenthol"
"KXJ27289.1",-0.950555413023489,0.0227675161153827,"Menthol_Menthol_vs_NoMenthol"
"KXJ27292.1",1.18370616476611,0.00542702310066168,"Menthol_Menthol_vs_NoMenthol"
"KXJ27351.1",-0.837768750529654,0.00101046688581556,"Menthol_Menthol_vs_NoMenthol"
"KXJ27353.1",-0.602359488639597,0.0159576083623465,"Menthol_Menthol_vs_NoMenthol"
"KXJ27387.1",2.38814367845789,0.0170562745697337,"Menthol_Menthol_vs_NoMenthol"
"KXJ27395.1",1.21659722331714,0.0253471764730481,"Menthol_Menthol_vs_NoMenthol"
"KXJ27414.1",-0.819873880174334,0.00151832265097901,"Menthol_Menthol_vs_NoMenthol"
"KXJ27419.1",-2.25296614868605,0.0380577349794171,"Menthol_Menthol_vs_NoMenthol"
"KXJ27446.1",1.00912936397032,0.00845002118822571,"Menthol_Menthol_vs_NoMenthol"
"KXJ27471.1",1.66160018024673,0.0364046356357845,"Menthol_Menthol_vs_NoMenthol"
"KXJ27488.1",1.82673591715169,0.0405537620755177,"Menthol_Menthol_vs_NoMenthol"
"KXJ27542.1",-0.529980956988172,0.0182765912325918,"Menthol_Menthol_vs_NoMenthol"
"KXJ27590.1",-0.398638488754397,0.0270048035043055,"Menthol_Menthol_vs_NoMenthol"
"KXJ27631.1",-1.91518024806914,0.000488598609420659,"Menthol_Menthol_vs_NoMenthol"
"KXJ27719.1",-0.70573581891526,0.0123739089964145,"Menthol_Menthol_vs_NoMenthol"
"KXJ27749.1",-0.72363026243128,0.00337917553915637,"Menthol_Menthol_vs_NoMenthol"
"KXJ27754.1",1.09771551929764,0.0113025240345149,"Menthol_Menthol_vs_NoMenthol"
"KXJ27758.1",1.61474995973853,0.000687709534582779,"Menthol_Menthol_vs_NoMenthol"
"KXJ27759.1",-0.579004105182396,0.0254035202783948,"Menthol_Menthol_vs_NoMenthol"
"KXJ27766.1",1.07982930029489,0.0270048035043055,"Menthol_Menthol_vs_NoMenthol"
"KXJ27812.1",-0.472932294829277,0.0463144646434788,"Menthol_Menthol_vs_NoMenthol"
"KXJ27836.1",1.50264574895614,0.000106018356152915,"Menthol_Menthol_vs_NoMenthol"
"KXJ27838.1",0.821932241484027,0.00328641099043738,"Menthol_Menthol_vs_NoMenthol"
"KXJ27896.1",-1.00464617826154,0.0357394890721163,"Menthol_Menthol_vs_NoMenthol"
"KXJ27922.1",-0.456164575501078,0.0411228396532554,"Menthol_Menthol_vs_NoMenthol"
"KXJ27934.1",-1.18665373573653,0.0282411676631499,"Menthol_Menthol_vs_NoMenthol"
"KXJ27982.1",-0.719455721565989,0.0258776167095298,"Menthol_Menthol_vs_NoMenthol"
"KXJ28018.1",-0.680418353033286,0.0391923402855449,"Menthol_Menthol_vs_NoMenthol"
"KXJ28040.1",-0.675474686271153,0.0345557175325763,"Menthol_Menthol_vs_NoMenthol"
"KXJ28062.1",0.913473141240848,0.000663686356963975,"Menthol_Menthol_vs_NoMenthol"
"KXJ28100.1",0.842758816520936,0.000969003127962701,"Menthol_Menthol_vs_NoMenthol"
"KXJ28133.1",1.18325656133031,0.0198861609419744,"Menthol_Menthol_vs_NoMenthol"
"KXJ28173.1",0.74662318433159,0.0498076448597276,"Menthol_Menthol_vs_NoMenthol"
"KXJ28196.1",-0.591188259148526,0.0220020556254725,"Menthol_Menthol_vs_NoMenthol"
"KXJ28197.1",-0.705800376385331,0.040095925574775,"Menthol_Menthol_vs_NoMenthol"
"KXJ28210.1",-0.519898847956959,0.00862650388832716,"Menthol_Menthol_vs_NoMenthol"
"KXJ28217.1",-0.74945623599469,0.00355822894140134,"Menthol_Menthol_vs_NoMenthol"
"KXJ28237.1",-0.36836662923632,0.0445828437407191,"Menthol_Menthol_vs_NoMenthol"
"KXJ28240.1",-0.976001822416786,0.0027485412557342,"Menthol_Menthol_vs_NoMenthol"
"KXJ28257.1",-0.545288992493291,0.0198296306059566,"Menthol_Menthol_vs_NoMenthol"
"KXJ28262.1",1.43600974713365,0.048079036981673,"Menthol_Menthol_vs_NoMenthol"
"KXJ28291.1",-0.717049722122329,0.0343322725128658,"Menthol_Menthol_vs_NoMenthol"
"KXJ28293.1",-0.931904163803408,0.00589158925103995,"Menthol_Menthol_vs_NoMenthol"
"KXJ28297.1",0.550504319515979,0.0330981860078889,"Menthol_Menthol_vs_NoMenthol"
"KXJ28305.1",-0.582000135492997,0.0258776167095298,"Menthol_Menthol_vs_NoMenthol"
"KXJ28326.1",-0.705243016629567,0.00514931188564244,"Menthol_Menthol_vs_NoMenthol"
"KXJ28367.1",2.2749785974936,0.000949829624940024,"Menthol_Menthol_vs_NoMenthol"
"KXJ28377.1",0.57554540755338,0.0440705666157967,"Menthol_Menthol_vs_NoMenthol"
"KXJ28391.1",0.482100354030195,0.0382132635614513,"Menthol_Menthol_vs_NoMenthol"
"KXJ28397.1",0.966713892827239,0.0160339323065851,"Menthol_Menthol_vs_NoMenthol"
"KXJ28409.1",0.471748884772139,0.0383534084173608,"Menthol_Menthol_vs_NoMenthol"
"KXJ28420.1",0.600638070463203,0.0279473611319609,"Menthol_Menthol_vs_NoMenthol"
"KXJ28479.1",2.34824987597858,0.000993829347923332,"Menthol_Menthol_vs_NoMenthol"
"KXJ28507.1",0.400975937390834,0.00410581939287961,"Menthol_Menthol_vs_NoMenthol"
"KXJ28510.1",1.29643560257166,0.048079036981673,"Menthol_Menthol_vs_NoMenthol"
"KXJ28516.1",-1.34065823680851,0.0307169154662284,"Menthol_Menthol_vs_NoMenthol"
"KXJ28522.1",1.28121254416552,0.04508193472324,"Menthol_Menthol_vs_NoMenthol"
"KXJ28525.1",-1.1962538751158,0.0279420318805056,"Menthol_Menthol_vs_NoMenthol"
"KXJ28539.1",1.88452430877942,0.000531981941359201,"Menthol_Menthol_vs_NoMenthol"
"KXJ28540.1",-0.69924772416673,0.0122673376501149,"Menthol_Menthol_vs_NoMenthol"
"KXJ28552.1",-0.598119511446176,0.0275892383075082,"Menthol_Menthol_vs_NoMenthol"
"KXJ28596.1",-0.616081110170807,0.0368933609119229,"Menthol_Menthol_vs_NoMenthol"
"KXJ28610.1",-0.92053280992427,0.00280553976495335,"Menthol_Menthol_vs_NoMenthol"
"KXJ28740.1",-0.761882378996043,0.00598915547563014,"Menthol_Menthol_vs_NoMenthol"
"KXJ28768.1",-0.678737128082381,0.0465617175743924,"Menthol_Menthol_vs_NoMenthol"
"KXJ28795.1",-2.16586038635496,0.0189232884517086,"Menthol_Menthol_vs_NoMenthol"
"KXJ28796.1",-0.48540276644357,0.00702354803524519,"Menthol_Menthol_vs_NoMenthol"
"KXJ28798.1",-0.994664876675618,0.0270048035043055,"Menthol_Menthol_vs_NoMenthol"
"KXJ28832.1",-0.515698401562702,0.0240347497317117,"Menthol_Menthol_vs_NoMenthol"
"KXJ28838.1",-0.554963389292932,0.046272161318699,"Menthol_Menthol_vs_NoMenthol"
"KXJ28873.1",0.688295789501759,0.024862030981224,"Menthol_Menthol_vs_NoMenthol"
"KXJ28875.1",-0.647499234393713,0.0438189109230486,"Menthol_Menthol_vs_NoMenthol"
"KXJ28911.1",0.598244536380733,0.00708120145195766,"Menthol_Menthol_vs_NoMenthol"
"KXJ28941.1",-0.546248372315513,0.00311270561922754,"Menthol_Menthol_vs_NoMenthol"
"KXJ28946.1",-0.448564544116515,0.0374775671892038,"Menthol_Menthol_vs_NoMenthol"
"KXJ28972.1",-0.56694501082682,0.038977229295361,"Menthol_Menthol_vs_NoMenthol"
"KXJ28989.1",0.701951035003827,0.00331477320365383,"Menthol_Menthol_vs_NoMenthol"
"KXJ28999.1",-1.24699567240858,6.25132515411073e-06,"Menthol_Menthol_vs_NoMenthol"
"KXJ29018.1",-0.820466756137322,0.00968143709181147,"Menthol_Menthol_vs_NoMenthol"
"KXJ29032.1",1.75028602887063,0.00023055041265818,"Menthol_Menthol_vs_NoMenthol"
"KXJ29038.1",-0.514396317788391,0.0351423267210982,"Menthol_Menthol_vs_NoMenthol"
"KXJ29060.1",1.90780502946204,0.0191951583278032,"Menthol_Menthol_vs_NoMenthol"
"KXJ29070.1",1.03227933755459,0.0320266181995864,"Menthol_Menthol_vs_NoMenthol"
"KXJ29072.1",-0.946826024016956,1.24435671827801e-06,"Menthol_Menthol_vs_NoMenthol"
"KXJ29076.1",-0.883513842795848,0.00451535621988211,"Menthol_Menthol_vs_NoMenthol"
"KXJ29080.1",0.960115692404382,0.0415353562948848,"Menthol_Menthol_vs_NoMenthol"
"KXJ29083.1",-0.494989048220273,0.0270950084226258,"Menthol_Menthol_vs_NoMenthol"
"KXJ29108.1",0.397320280725224,0.0198861609419744,"Menthol_Menthol_vs_NoMenthol"
"KXJ29138.1",1.13182914617982,0.0434487063544691,"Menthol_Menthol_vs_NoMenthol"
"KXJ29157.1",0.711450554376907,0.000370676569325408,"Menthol_Menthol_vs_NoMenthol"
"KXJ29195.1",0.782540386948273,0.0111532300867855,"Menthol_Menthol_vs_NoMenthol"
"KXJ29206.1",-0.64098281891187,0.0022176305074454,"Menthol_Menthol_vs_NoMenthol"
"KXJ29237.1",-0.605745980594266,0.0101632282640716,"Menthol_Menthol_vs_NoMenthol"
"KXJ29301.1",1.01261242916021,0.0255903892897429,"Menthol_Menthol_vs_NoMenthol"
"KXJ29318.1",-0.46167763969647,0.0394858038802352,"Menthol_Menthol_vs_NoMenthol"
"KXJ29330.1",1.29536409501517,0.0166533317669966,"Menthol_Menthol_vs_NoMenthol"
"KXJ29355.1",1.94610720371599,0.0430073285513515,"Menthol_Menthol_vs_NoMenthol"
"KXJ29356.1",1.33064702200813,0.0105929475588683,"Menthol_Menthol_vs_NoMenthol"
"KXJ29367.1",-0.810540311816133,0.0476904827794373,"Menthol_Menthol_vs_NoMenthol"
"KXJ29372.1",-0.68397725491487,0.0195181186447031,"Menthol_Menthol_vs_NoMenthol"
"KXJ29407.1",0.859631642527536,0.00711600244677218,"Menthol_Menthol_vs_NoMenthol"
"KXJ29409.1",-1.1900285026601,0.00824534412270535,"Menthol_Menthol_vs_NoMenthol"
"KXJ29432.1",1.23528993742155,0.0194288082397909,"Menthol_Menthol_vs_NoMenthol"
"KXJ29444.1",-0.412175560916399,0.0321828992431915,"Menthol_Menthol_vs_NoMenthol"
"KXJ29455.1",1.44038494666488,0.049873010405737,"Menthol_Menthol_vs_NoMenthol"
"KXJ29474.1",-0.910931966070506,0.00668306559899865,"Menthol_Menthol_vs_NoMenthol"
"KXJ29519.1",0.842087737182879,0.0347157971425261,"Menthol_Menthol_vs_NoMenthol"
"KXJ29553.1",0.565037518695554,0.0320266181995864,"Menthol_Menthol_vs_NoMenthol"
"KXJ29579.1",-1.65976314350663,0.00032854386781792,"Menthol_Menthol_vs_NoMenthol"
"KXJ29582.1",-0.713482574060522,0.000130131143591809,"Menthol_Menthol_vs_NoMenthol"
"KXJ29586.1",2.15109079041474,0.00138151520581573,"Menthol_Menthol_vs_NoMenthol"
"KXJ29591.1",1.90808144304821,0.00606872404057143,"Menthol_Menthol_vs_NoMenthol"
"KXJ29603.1",1.14914613087619,0.0394858038802352,"Menthol_Menthol_vs_NoMenthol"
"KXJ29609.1",-0.878893216470845,0.0187187470461677,"Menthol_Menthol_vs_NoMenthol"
"KXJ29616.1",1.40348860880293,0.0144676936801705,"Menthol_Menthol_vs_NoMenthol"
"KXJ29621.1",1.09163585785486,0.0211438140123068,"Menthol_Menthol_vs_NoMenthol"
"KXJ29623.1",-1.26459431578128,0.0265804436939369,"Menthol_Menthol_vs_NoMenthol"
"KXJ29738.1",2.39974183159958,0.015979109802282,"Menthol_Menthol_vs_NoMenthol"
"KXJ29745.1",-1.01897705559504,0.00264232393708033,"Menthol_Menthol_vs_NoMenthol"
"KXJ29755.1",0.908734505638701,0.0282411676631499,"Menthol_Menthol_vs_NoMenthol"
"KXJ29756.1",-0.642364858099298,0.0321337845363404,"Menthol_Menthol_vs_NoMenthol"
"KXJ29758.1",-0.54646263354031,0.0356169323006968,"Menthol_Menthol_vs_NoMenthol"
"KXJ29760.1",0.796031988951559,0.0177816437148336,"Menthol_Menthol_vs_NoMenthol"
"KXJ29806.1",1.73829323446859,0.000803642819238262,"Menthol_Menthol_vs_NoMenthol"
"KXJ29814.1",-1.36460882089888,0.000130131143591809,"Menthol_Menthol_vs_NoMenthol"
"KXJ29825.1",0.562094964141563,0.00355822894140134,"Menthol_Menthol_vs_NoMenthol"
"KXJ29838.1",-1.05432159937678,0.00482940445481529,"Menthol_Menthol_vs_NoMenthol"
"KXJ29842.1",-0.608126385956505,0.0447439549997748,"Menthol_Menthol_vs_NoMenthol"
"KXJ29852.1",-1.3686992251741,0.00023055041265818,"Menthol_Menthol_vs_NoMenthol"
"KXJ29858.1",2.38738410787177,0.0110304140469403,"Menthol_Menthol_vs_NoMenthol"
"KXJ29918.1",1.40213023967841,0.0429394029306203,"Menthol_Menthol_vs_NoMenthol"
"KXJ29919.1",-0.712944011829424,0.0296265395760431,"Menthol_Menthol_vs_NoMenthol"
"KXJ29935.1",1.31359087207274,0.0173119980694773,"Menthol_Menthol_vs_NoMenthol"
"KXJ29973.1",-1.03850936908891,0.00218968576385378,"Menthol_Menthol_vs_NoMenthol"
"KXJ30032.1",-1.44439500133685,0.00598873368503358,"Menthol_Menthol_vs_NoMenthol"
"KXJ30077.1",-2.35858226525616,0.00223329400069652,"Menthol_Menthol_vs_NoMenthol"
"KXJ30106.1",1.96409594057783,0.0102043254015017,"Menthol_Menthol_vs_NoMenthol"
"KXJ30130.1",-0.605683091313183,0.0162387669623362,"Menthol_Menthol_vs_NoMenthol"
"KXJ30132.1",-0.874633149728847,0.00547068897927504,"Menthol_Menthol_vs_NoMenthol"
"KXJ30144.1",1.84811117360766,0.0378519595464411,"Menthol_Menthol_vs_NoMenthol"
"KXJ30164.1",1.20355435480685,0.027789177922452,"Menthol_Menthol_vs_NoMenthol"
"KXJ30165.1",2.15095251535878,0.00454022885681844,"Menthol_Menthol_vs_NoMenthol"
"KXJ30218.1",1.8631646739287,0.0498563669801919,"Menthol_Menthol_vs_NoMenthol"
